#
# There is insufficient memory for the Java Runtime Environment to continue.
# Native memory allocation (mmap) failed to map 65536 bytes. Error detail: Failed to commit metaspace.
# Possible reasons:
#   The system is out of physical RAM or swap space
#   This process is running with CompressedOops enabled, and the Java Heap may be blocking the growth of the native heap
# Possible solutions:
#   Reduce memory load on the system
#   Increase physical memory or swap space
#   Check if swap backing store is full
#   Decrease Java heap size (-Xmx/-Xms)
#   Decrease number of Java threads
#   Decrease Java thread stack sizes (-Xss)
#   Set larger code cache with -XX:ReservedCodeCacheSize=
#   JVM is running with Unscaled Compressed Oops mode in which the Java heap is
#     placed in the first 4GB address space. The Java Heap base address is the
#     maximum limit for the native heap growth. Please use -XX:HeapBaseMinAddress
#     to set the Java Heap base and to place the Java Heap above 4GB virtual address.
# This output file may be truncated or incomplete.
#
#  Out of Memory Error (virtualSpaceNode.cpp:113), pid=21592, tid=24808
#
# JRE version: OpenJDK Runtime Environment Temurin-21.0.11+10 (21.0.11+10) (build 21.0.11+10-LTS)
# Java VM: OpenJDK 64-Bit Server VM Temurin-21.0.11+10 (21.0.11+10-LTS, mixed mode, emulated-client, sharing, tiered, compressed oops, compressed class ptrs, g1 gc, windows-amd64)
# No core dump will be written. Minidumps are not enabled by default on client versions of Windows
#

---------------  S U M M A R Y ------------

Command Line: -XX:TieredStopAtLevel=1 -Dspring.output.ansi.enabled=always -Dcom.sun.management.jmxremote -Dspring.jmx.enabled=true -Dspring.liveBeansView.mbeanDomain -Dspring.application.admin.enabled=true -Dmanagement.endpoints.jmx.exposure.include=* -javaagent:C:\Program Files\JetBrains\IntelliJ IDEA 2026.2.1\lib\idea_rt.jar=61056 -Dfile.encoding=UTF-8 -Dsun.stdout.encoding=UTF-8 -Dsun.stderr.encoding=UTF-8 org.example.raizrealtors.RaizRealtorsApplication

Host: AMD Ryzen 5 5600H with Radeon Graphics         , 12 cores, 7G,  Windows 11 , 64 bit Build 26100 (10.0.26100.9278)
Time: Thu Sep 10 15:44:28 2026 India Standard Time elapsed time: 9.445112 seconds (0d 0h 0m 9s)

---------------  T H R E A D  ---------------

Current thread (0x0000029638e60790):  JavaThread "main"             [_thread_in_vm, id=24808, stack(0x000000f2e3a00000,0x000000f2e3b00000) (1024K)]

Stack: [0x000000f2e3a00000,0x000000f2e3b00000]
Native frames: (J=compiled Java code, j=interpreted, Vv=VM code, C=native code)
V  [jvm.dll+0x6d7e19]
V  [jvm.dll+0x8b5096]
V  [jvm.dll+0x8b764e]
V  [jvm.dll+0x8b7d33]
V  [jvm.dll+0x284596]
V  [jvm.dll+0x8b0dde]
V  [jvm.dll+0x6795e4]
V  [jvm.dll+0x1e849b]
V  [jvm.dll+0x1e825e]
V  [jvm.dll+0x67bee2]
V  [jvm.dll+0x67bd12]
V  [jvm.dll+0x679fbe]
V  [jvm.dll+0x26e440]
V  [jvm.dll+0x684225]
V  [jvm.dll+0x21973e]
V  [jvm.dll+0x219be5]
V  [jvm.dll+0x21a5d8]
V  [jvm.dll+0x20f80e]
V  [jvm.dll+0x5b658f]
V  [jvm.dll+0x82f046]
V  [jvm.dll+0x478ec8]
V  [jvm.dll+0x47ecf8]
C  [java.dll+0x17ec]

Java frames: (J=compiled Java code, j=interpreted, Vv=VM code)
J 1416  java.lang.ClassLoader.defineClass1(Ljava/lang/ClassLoader;Ljava/lang/String;[BIILjava/security/ProtectionDomain;Ljava/lang/String;)Ljava/lang/Class; java.base@21.0.11 (0 bytes) @ 0x0000029643504c11 [0x0000029643504b40+0x00000000000000d1]
J 1583 c1 java.lang.ClassLoader.defineClass(Ljava/lang/String;[BIILjava/security/ProtectionDomain;)Ljava/lang/Class; java.base@21.0.11 (43 bytes) @ 0x000002964355b8fc [0x000002964355b7e0+0x000000000000011c]
J 1584 c1 jdk.internal.loader.BuiltinClassLoader.defineClass(Ljava/lang/String;Ljdk/internal/loader/Resource;)Ljava/lang/Class; java.base@21.0.11 (121 bytes) @ 0x000002964355d314 [0x000002964355cdc0+0x0000000000000554]
J 1580 c1 jdk.internal.loader.BuiltinClassLoader.findClassOnClassPathOrNull(Ljava/lang/String;)Ljava/lang/Class; java.base@21.0.11 (64 bytes) @ 0x000002964355c12c [0x000002964355be60+0x00000000000002cc]
J 1334 c1 jdk.internal.loader.BuiltinClassLoader.loadClassOrNull(Ljava/lang/String;Z)Ljava/lang/Class; java.base@21.0.11 (143 bytes) @ 0x00000296434ed57c [0x00000296434ed180+0x00000000000003fc]
J 1456 c1 jdk.internal.loader.ClassLoaders$AppClassLoader.loadClass(Ljava/lang/String;Z)Ljava/lang/Class; java.base@21.0.11 (40 bytes) @ 0x000002964351660c [0x00000296435165c0+0x000000000000004c]
J 1441 c1 java.lang.ClassLoader.loadClass(Ljava/lang/String;)Ljava/lang/Class; java.base@21.0.11 (7 bytes) @ 0x000002964350f014 [0x000002964350efc0+0x0000000000000054]
v  ~StubRoutines::call_stub 0x00000296430e100d
j  org.apache.tomcat.websocket.server.WsServerContainer.<init>(Ljakarta/servlet/ServletContext;)V+126
j  org.apache.tomcat.websocket.server.WsSci.init(Ljakarta/servlet/ServletContext;Z)Lorg/apache/tomcat/websocket/server/WsServerContainer;+5
j  org.apache.tomcat.websocket.server.WsSci.onStartup(Ljava/util/Set;Ljakarta/servlet/ServletContext;)V+2
j  org.apache.catalina.core.StandardContext.startInternal()V+1043
j  org.apache.catalina.util.LifecycleBase.start()V+210
j  org.apache.catalina.core.ContainerBase$StartChild.call()Ljava/lang/Void;+4
j  org.apache.catalina.core.ContainerBase$StartChild.call()Ljava/lang/Object;+1
j  java.util.concurrent.FutureTask.run()V+39 java.base@21.0.11
j  org.apache.tomcat.util.threads.InlineExecutorService.execute(Ljava/lang/Runnable;)V+38
j  java.util.concurrent.AbstractExecutorService.submit(Ljava/util/concurrent/Callable;)Ljava/util/concurrent/Future;+20 java.base@21.0.11
j  org.apache.catalina.core.ContainerBase.startInternal()V+116
j  org.apache.catalina.core.StandardHost.startInternal()V+177
j  org.apache.catalina.util.LifecycleBase.start()V+210
j  org.apache.catalina.core.ContainerBase$StartChild.call()Ljava/lang/Void;+4
j  org.apache.catalina.core.ContainerBase$StartChild.call()Ljava/lang/Object;+1
j  java.util.concurrent.FutureTask.run()V+39 java.base@21.0.11
j  org.apache.tomcat.util.threads.InlineExecutorService.execute(Ljava/lang/Runnable;)V+38
j  java.util.concurrent.AbstractExecutorService.submit(Ljava/util/concurrent/Callable;)Ljava/util/concurrent/Future;+20 java.base@21.0.11
j  org.apache.catalina.core.ContainerBase.startInternal()V+116
j  org.apache.catalina.core.StandardEngine.startInternal()V+38
j  org.apache.catalina.util.LifecycleBase.start()V+210
j  org.apache.catalina.core.StandardService.startInternal()V+56
j  org.apache.catalina.util.LifecycleBase.start()V+210
j  org.apache.catalina.core.StandardServer.startInternal()V+84
j  org.apache.catalina.util.LifecycleBase.start()V+210
j  org.apache.catalina.startup.Tomcat.start()V+9
j  org.springframework.boot.tomcat.TomcatWebServer.initialize()V+55
j  org.springframework.boot.tomcat.TomcatWebServer.<init>(Lorg/apache/catalina/startup/Tomcat;ZLorg/springframework/boot/web/server/Shutdown;)V+66
j  org.springframework.boot.tomcat.servlet.TomcatServletWebServerFactory.getTomcatWebServer(Lorg/apache/catalina/startup/Tomcat;)Lorg/springframework/boot/tomcat/TomcatWebServer;+21
j  org.springframework.boot.tomcat.servlet.TomcatServletWebServerFactory.getWebServer([Lorg/springframework/boot/web/servlet/ServletContextInitializer;)Lorg/springframework/boot/web/server/WebServer;+30
j  org.springframework.boot.web.server.servlet.context.ServletWebServerApplicationContext.createWebServer()V+68
j  org.springframework.boot.web.server.servlet.context.ServletWebServerApplicationContext.onRefresh()V+5
j  org.springframework.context.support.AbstractApplicationContext.refresh()V+85
j  org.springframework.boot.web.server.servlet.context.ServletWebServerApplicationContext.refresh()V+1
j  org.springframework.boot.SpringApplication.refresh(Lorg/springframework/context/ConfigurableApplicationContext;)V+1
j  org.springframework.boot.SpringApplication.refreshContext(Lorg/springframework/context/ConfigurableApplicationContext;)V+19
j  org.springframework.boot.SpringApplication.run([Ljava/lang/String;)Lorg/springframework/context/ConfigurableApplicationContext;+113
j  org.springframework.boot.SpringApplication.run([Ljava/lang/Class;[Ljava/lang/String;)Lorg/springframework/context/ConfigurableApplicationContext;+9
j  org.springframework.boot.SpringApplication.run(Ljava/lang/Class;[Ljava/lang/String;)Lorg/springframework/context/ConfigurableApplicationContext;+9
j  org.example.raizrealtors.RaizRealtorsApplication.main([Ljava/lang/String;)V+3
v  ~StubRoutines::call_stub 0x00000296430e100d

Compiled method (n/a) 9552 1416     n 0       java.lang.ClassLoader::defineClass1 (native)
 total in heap  [0x0000029643504990,0x0000029643504f28] = 1432
 relocation     [0x0000029643504af0,0x0000029643504b28] = 56
 main code      [0x0000029643504b40,0x0000029643504f21] = 993
 stub code      [0x0000029643504f21,0x0000029643504f28] = 7

[Constant Pool (empty)]

[MachCode]
[Entry Point]
  # {method} {0x000002964c434b20} 'defineClass1' '(Ljava/lang/ClassLoader;Ljava/lang/String;[BIILjava/security/ProtectionDomain;Ljava/lang/String;)Ljava/lang/Class;' in 'java/lang/ClassLoader'
  # parm0:    rdx:rdx   = 'java/lang/ClassLoader'
  # parm1:    r8:r8     = 'java/lang/String'
  # parm2:    r9:r9     = '[B'
  # parm3:    rdi       = int
  # parm4:    rsi       = int
  # parm5:    rcx:rcx   = 'java/security/ProtectionDomain'
  # parm6:    [sp+0xa0]   = 'java/lang/String'  (sp of caller)
  0x0000029643504b40: 448b 5208 | 49bb 0000 | 004c 9602 | 0000 4d03 | d349 3bc2 | 0f84 0600 

  0x0000029643504b58: ;   {runtime_call ic_miss_stub}
  0x0000029643504b58: 0000 e921 | 9cc2 ff90 
[Verified Entry Point]
  0x0000029643504b60: 8984 2400 | 80ff ff55 | 488b ec48 | 81ec 9000 | 0000 6690 | 4181 7f20 | 0700 0000 

  0x0000029643504b7c: ;   {runtime_call StubRoutines (final stubs)}
  0x0000029643504b7c: 7405 e81d | 19c1 ff48 | 837d 1000 | 488d 4510 | 480f 4445 | 1048 8944 | 2440 4889 | 4c24 7048 
  0x0000029643504b9c: 83f9 0048 | 8d44 2470 | 480f 4444 | 2470 4889 | 4424 3848 | 8974 2430 | 4889 7c24 | 284c 894c 
  0x0000029643504bbc: 2458 4983 | f900 488d | 4424 5848 | 0f44 4424 | 5848 8944 | 2420 4c89 | 4424 5049 | 83f8 004c 
  0x0000029643504bdc: 8d4c 2450 | 4c0f 444c | 2450 4889 | 5424 4848 | 83fa 004c | 8d44 2448 | 4c0f 4444 

  0x0000029643504bf8: ;   {oop(a 'java/lang/Class'{0x000000008adf38b0} = 'java/lang/ClassLoader')}
  0x0000029643504bf8: 2448 49be | b038 df8a | 0000 0000 | 4c89 7424 | 784c 8d74 | 2478 498b | d6c5 f877 

  0x0000029643504c14: ;   {internal_word}
  0x0000029643504c14: 49ba 114c | 5043 9602 | 0000 4d89 | 97a8 0300 | 0049 89a7 | a003 0000 

  0x0000029643504c2c: ;   {external_word}
  0x0000029643504c2c: 49ba c66c | f168 f97f | 0000 4180 | 3a00 0f84 | 4e00 0000 | 5241 5041 

  0x0000029643504c44: ;   {metadata({method} {0x000002964c434b20} 'defineClass1' '(Ljava/lang/ClassLoader;Ljava/lang/String;[BIILjava/security/ProtectionDomain;Ljava/lang/String;)Ljava/lang/Class;' in 'java/lang/ClassLoader')}
  0x0000029643504c44: 5148 ba18 | 4b43 4c96 | 0200 0049 | 8bcf 4883 | ec20 40f6 | c40f 0f84 | 1900 0000 | 4883 ec08 
  0x0000029643504c64: ;   {runtime_call}
  0x0000029643504c64: 48b8 20e5 | 9a68 f97f | 0000 ffd0 | 4883 c408 | e90c 0000 

  0x0000029643504c78: ;   {runtime_call}
  0x0000029643504c78: 0048 b820 | e59a 68f9 | 7f00 00ff | d048 83c4 | 2041 5941 | 585a 498d | 8fc0 0300 | 0041 c787 
  0x0000029643504c98: 4c04 0000 | 0400 0000 

  0x0000029643504ca0: ;   {runtime_call}
  0x0000029643504ca0: 48b8 ac16 | 4b3c fa7f | 0000 ffd0 | c5f8 7741 | c787 4c04 | 0000 0500 | 0000 f083 | 4424 c000 
  0x0000029643504cc0: 493b af50 | 0400 000f | 870e 0000 | 0041 83bf | 4804 0000 | 000f 842b | 0000 00c5 | f877 4889 
  0x0000029643504ce0: 45f8 498b | cf4c 8be4 | 4883 ec20 | 4883 e4f0 

  0x0000029643504cf0: ;   {runtime_call}
  0x0000029643504cf0: 48b8 e053 | 6668 f97f | 0000 ffd0 | 498b e44d | 33e4 488b | 45f8 41c7 | 874c 0400 | 0008 0000 
  0x0000029643504d10: 0041 83bf | c804 0000 | 020f 84d5 

  0x0000029643504d1c: ;   {external_word}
  0x0000029643504d1c: 0100 0049 | bac6 6cf1 | 68f9 7f00 | 0041 803a | 000f 844c | 0000 0048 

  0x0000029643504d34: ;   {metadata({method} {0x000002964c434b20} 'defineClass1' '(Ljava/lang/ClassLoader;Ljava/lang/String;[BIILjava/security/ProtectionDomain;Ljava/lang/String;)Ljava/lang/Class;' in 'java/lang/ClassLoader')}
  0x0000029643504d34: 8945 f848 | ba18 4b43 | 4c96 0200 | 0049 8bcf | 4883 ec20 | 40f6 c40f | 0f84 1900 | 0000 4883 
  0x0000029643504d54: ;   {runtime_call}
  0x0000029643504d54: ec08 48b8 | 20e5 9a68 | f97f 0000 | ffd0 4883 | c408 e90c 

  0x0000029643504d68: ;   {runtime_call}
  0x0000029643504d68: 0000 0048 | b820 e59a | 68f9 7f00 | 00ff d048 | 83c4 2048 | 8b45 f849 | c787 a003 | 0000 0000 
  0x0000029643504d88: 0000 49c7 | 87a8 0300 | 0000 0000 | 00c5 f877 | 4885 c00f | 8430 0100 | 00a8 030f | 8508 0000 
  0x0000029643504da8: 0048 8b00 | e920 0100 | 00a8 010f | 8509 0000 | 0048 8b40 | fee9 0f01 | 0000 488b | 40ff 4180 
  0x0000029643504dc8: 7f40 000f | 8400 0100 | 0048 83f8 | 000f 84f6 | 0000 0049 | 8b4f 2848 | 83f9 000f | 8414 0000 
  0x0000029643504de8: 0048 83e9 | 0849 894f | 2849 034f | 3848 8901 | e9d4 0000 | 0048 83ec | 7048 8904 | 2448 894c 
  0x0000029643504e08: 2408 4889 | 5424 104c | 8944 2418 | 4c89 4c24 | 204c 8954 | 2428 4c89 | 5c24 30c5 | fb11 4424 
  0x0000029643504e28: 40c5 fb11 | 4c24 48c5 | fb11 5424 | 50c5 fb11 | 5c24 58c5 | fb11 6424 | 60c5 fb11 | 6c24 6849 
  0x0000029643504e48: 8bd7 488b | c848 83ec | 2040 f6c4 | 0f0f 8419 | 0000 0048 

  0x0000029643504e5c: ;   {runtime_call}
  0x0000029643504e5c: 83ec 0848 | b860 a359 | 68f9 7f00 | 00ff d048 | 83c4 08e9 | 0c00 0000 

  0x0000029643504e74: ;   {runtime_call}
  0x0000029643504e74: 48b8 60a3 | 5968 f97f | 0000 ffd0 | 4883 c420 | c5fb 106c | 2468 c5fb | 1064 2460 | c5fb 105c 
  0x0000029643504e94: 2458 c5fb | 1054 2450 | c5fb 104c | 2448 c5fb | 1044 2440 | 4c8b 5c24 | 304c 8b54 | 2428 4c8b 
  0x0000029643504eb4: 4c24 204c | 8b44 2418 | 488b 5424 | 1048 8b4c | 2408 488b | 0424 4883 | c470 c5f8 | 7749 8b8f 
  0x0000029643504ed4: 3004 0000 | c781 0001 | 0000 0000 | 0000 c949 | 837f 0800 | 0f85 0100 

  0x0000029643504eec: ;   {runtime_call StubRoutines (initial stubs)}
  0x0000029643504eec: 0000 c3e9 | 0cc0 bdff | c5f8 7748 | 8945 f84c | 8be4 4883 | ec20 4883 

  0x0000029643504f04: ;   {runtime_call}
  0x0000029643504f04: e4f0 48b8 | 701c 9b68 | f97f 0000 | ffd0 498b | e44d 33e4 | 488b 45f8 | e9fe fdff | fff4 f4f4 
  0x0000029643504f24: f4f4 f4f4 
[/MachCode]


Compiled method (c1) 9572 1583       1       java.lang.ClassLoader::defineClass (43 bytes)
 total in heap  [0x000002964355b610,0x000002964355bbd0] = 1472
 relocation     [0x000002964355b770,0x000002964355b7e0] = 112
 main code      [0x000002964355b7e0,0x000002964355b9a0] = 448
 stub code      [0x000002964355b9a0,0x000002964355ba18] = 120
 metadata       [0x000002964355ba18,0x000002964355ba48] = 48
 scopes data    [0x000002964355ba48,0x000002964355bb00] = 184
 scopes pcs     [0x000002964355bb00,0x000002964355bba0] = 160
 dependencies   [0x000002964355bba0,0x000002964355bba8] = 8
 nul chk table  [0x000002964355bba8,0x000002964355bbd0] = 40

[Constant Pool (empty)]

[MachCode]
[Entry Point]
  # {method} {0x000002964c434ea0} 'defineClass' '(Ljava/lang/String;[BIILjava/security/ProtectionDomain;)Ljava/lang/Class;' in 'java/lang/ClassLoader'
  # this:     rdx:rdx   = 'java/lang/ClassLoader'
  # parm0:    r8:r8     = 'java/lang/String'
  # parm1:    r9:r9     = '[B'
  # parm2:    rdi       = int
  # parm3:    rsi       = int
  # parm4:    rcx:rcx   = 'java/security/ProtectionDomain'
  #           [sp+0xc0]  (sp of caller)
  0x000002964355b7e0: 448b 5208 | 49bb 0000 | 004c 9602 | 0000 4d03 | d34c 3bd0 

  0x000002964355b7f4: ;   {runtime_call ic_miss_stub}
  0x000002964355b7f4: 0f85 862f | bdff 660f | 1f44 0000 
[Verified Entry Point]
  0x000002964355b800: 8984 2400 | 80ff ff55 | 4881 ecb0 | 0000 0090 | 4181 7f20 | 0700 0000 

  0x000002964355b818: ;   {runtime_call StubRoutines (final stubs)}
  0x000002964355b818: 7405 e881 | acbb ff48 | 8954 2478 | 89b4 2494 | 0000 0089 | bc24 9000 | 0000 4c89 | 8c24 8800 
  0x000002964355b838: 0000 498b | d84c 8bc3 | 4c8b c948 | 8bca 488b | d148 899c | 2480 0000 | 0066 0f1f 

  0x000002964355b854: ;   {optimized virtual_call}
  0x000002964355b854: 4400 00e8 

  0x000002964355b858: ; ImmutableOopMap {[120]=Oop [128]=Oop [136]=Oop }
                      ;*invokevirtual preDefineClass {reexecute=0 rethrow=0 return_oop=0}
                      ; - java.lang.ClassLoader::defineClass@4 (line 1025)
  0x000002964355b858: 64d2 ffff 

  0x000002964355b85c: ;   {other}
  0x000002964355b85c: 0f1f 8400 | 4c02 0000 | 4889 8424 | 9800 0000 

  0x000002964355b86c: ; implicit exception: dispatches to 0x000002964355b94a
  0x000002964355b86c: 448b 4010 | 4d85 c00f | 850f 0000 

  0x000002964355b878: ;   {oop(nullptr)}
  0x000002964355b878: 0048 bb00 | 0000 0000 | 0000 00e9 | 3f00 0000 

  0x000002964355b888: ; implicit exception: dispatches to 0x000002964355b94f
  0x000002964355b888: 458b 400c | 4d85 c00f | 850f 0000 

  0x000002964355b894: ;   {oop(nullptr)}
  0x000002964355b894: 0048 bb00 | 0000 0000 | 0000 00e9 | 2300 0000 

  0x000002964355b8a4: ; implicit exception: dispatches to 0x000002964355b954
  0x000002964355b8a4: 418b 5038 

  0x000002964355b8a8: ; implicit exception: dispatches to 0x000002964355b959
  0x000002964355b8a8: 483b 020f 

  0x000002964355b8ac: ;   {optimized virtual_call}
  0x000002964355b8ac: 1f40 00e8 

  0x000002964355b8b0: ; ImmutableOopMap {[120]=Oop [128]=Oop [136]=Oop [152]=Oop }
                      ;*invokevirtual toExternalForm {reexecute=0 rethrow=0 return_oop=0}
                      ; - java.net.URL::toExternalForm@5 (line 1203)
                      ; - java.net.URL::toString@1 (line 1189)
                      ; - java.lang.ClassLoader::defineClassSourceLocation@22 (line 927)
                      ; - java.lang.ClassLoader::defineClass@12 (line 1026)
  0x000002964355b8b0: 4c0e fdff 

  0x000002964355b8b4: ;   {other}
  0x000002964355b8b4: 0f1f 8400 | a402 0001 | 488b d848 | 8b84 2498 | 0000 008b | b424 9400 | 0000 8bbc | 2490 0000 
  0x000002964355b8d4: 004c 8b8c | 2488 0000 | 004c 8b84 | 2480 0000 | 0048 8b54 | 2478 4c8b | da49 8bd3 | 488b c848 
  0x000002964355b8f4: ;   {static_call}
  0x000002964355b8f4: 891c 24e8 

  0x000002964355b8f8: ; ImmutableOopMap {[120]=Oop [152]=Oop }
                      ;*invokestatic defineClass1 {reexecute=0 rethrow=0 return_oop=0}
                      ; - java.lang.ClassLoader::defineClass@27 (line 1027)
  0x000002964355b8f8: 6492 faff 

  0x000002964355b8fc: ;   {other}
  0x000002964355b8fc: 0f1f 8400 | ec02 0002 | 4c8b c04c | 8b8c 2498 | 0000 0048 | 8b54 2478 | 4889 8424 | a000 0000 
  0x000002964355b91c: ;   {optimized virtual_call}
  0x000002964355b91c: 6666 90e8 

  0x000002964355b920: ; ImmutableOopMap {[160]=Oop }
                      ;*invokevirtual postDefineClass {reexecute=0 rethrow=0 return_oop=0}
                      ; - java.lang.ClassLoader::defineClass@37 (line 1028)
  0x000002964355b920: dcde ffff 

  0x000002964355b924: ;   {other}
  0x000002964355b924: 0f1f 8400 | 1403 0003 | 488b 8424 | a000 0000 | 4881 c4b0 | 0000 005d 

  0x000002964355b93c: ;   {poll_return}
  0x000002964355b93c: 493b a750 | 0400 000f | 8715 0000 

  0x000002964355b948: ;   {runtime_call throw_null_pointer_exception Runtime1 stub}
  0x000002964355b948: 00c3 e8b1 

  0x000002964355b94c: ; ImmutableOopMap {rax=Oop [120]=Oop [128]=Oop [136]=Oop [152]=Oop }
                      ;*invokevirtual getCodeSource {reexecute=0 rethrow=0 return_oop=0}
                      ; - java.lang.ClassLoader::defineClassSourceLocation@1 (line 924)
                      ; - java.lang.ClassLoader::defineClass@12 (line 1026)
                      ;   {runtime_call throw_null_pointer_exception Runtime1 stub}
  0x000002964355b94c: f7c7 ffe8 

  0x000002964355b950: ; ImmutableOopMap {rax=Oop [120]=Oop [128]=Oop [136]=Oop [152]=Oop }
                      ;*invokevirtual getLocation {reexecute=0 rethrow=0 return_oop=0}
                      ; - java.lang.ClassLoader::defineClassSourceLocation@12 (line 926)
                      ; - java.lang.ClassLoader::defineClass@12 (line 1026)
  0x000002964355b950: acf7 c7ff 

  0x000002964355b954: ;   {runtime_call throw_null_pointer_exception Runtime1 stub}
  0x000002964355b954: e8a7 f7c7 

  0x000002964355b958: ; ImmutableOopMap {r8=Oop [120]=Oop [128]=Oop [136]=Oop [152]=Oop }
                      ;*invokevirtual toString {reexecute=0 rethrow=0 return_oop=0}
                      ; - java.lang.ClassLoader::defineClassSourceLocation@22 (line 927)
                      ; - java.lang.ClassLoader::defineClass@12 (line 1026)
                      ;   {runtime_call throw_null_pointer_exception Runtime1 stub}
  0x000002964355b958: ffe8 a2f7 

  0x000002964355b95c: ; ImmutableOopMap {r8=Oop rdx=Oop [120]=Oop [128]=Oop [136]=Oop [152]=Oop }
                      ;*invokevirtual toExternalForm {reexecute=0 rethrow=0 return_oop=0}
                      ; - java.net.URL::toExternalForm@5 (line 1203)
                      ; - java.net.URL::toString@1 (line 1189)
                      ; - java.lang.ClassLoader::defineClassSourceLocation@22 (line 927)
                      ; - java.lang.ClassLoader::defineClass@12 (line 1026)
                      ;   {internal_word}
  0x000002964355b95c: c7ff 49ba | 3cb9 5543 | 9602 0000 | 4d89 9768 

  0x000002964355b96c: ;   {runtime_call SafepointBlob}
  0x000002964355b96c: 0400 00e9 | 0c9b bdff | 498b 8700 | 0500 0049 | c787 0005 | 0000 0000 | 0000 49c7 | 8708 0500 
  0x000002964355b98c: 0000 0000 | 0048 81c4 | b000 0000 

  0x000002964355b998: ;   {runtime_call unwind_exception Runtime1 stub}
  0x000002964355b998: 5de9 62e0 | c7ff f4f4 
[Stub Code]
  0x000002964355b9a0: ;   {no_reloc}
  0x000002964355b9a0: 0f1f 4400 

  0x000002964355b9a4: ;   {static_stub}
  0x000002964355b9a4: 0048 bb00 | 0000 0000 

  0x000002964355b9ac: ;   {runtime_call nmethod}
  0x000002964355b9ac: 0000 00e9 | fbff ffff 

  0x000002964355b9b4: ;   {static_stub}
  0x000002964355b9b4: 48bb 0000 | 0000 0000 

  0x000002964355b9bc: ;   {runtime_call nmethod}
  0x000002964355b9bc: 0000 e9fb 

  0x000002964355b9c0: ;   {static_stub}
  0x000002964355b9c0: ffff ff48 | bb00 0000 | 0000 0000 

  0x000002964355b9cc: ;   {runtime_call nmethod}
  0x000002964355b9cc: 00e9 fbff 

  0x000002964355b9d0: ;   {static_stub}
  0x000002964355b9d0: ffff 48bb | 0000 0000 | 0000 0000 

  0x000002964355b9dc: ;   {runtime_call nmethod}
  0x000002964355b9dc: e9fb ffff 

  0x000002964355b9e0: ;   {runtime_call handle_exception_from_callee Runtime1 stub}
  0x000002964355b9e0: ffe8 1a19 

  0x000002964355b9e4: ;   {external_word}
  0x000002964355b9e4: c8ff 48b9 | 4063 c768 | f97f 0000 | 4883 e4f0 

  0x000002964355b9f4: ;   {runtime_call}
  0x000002964355b9f4: 48b8 d0c4 | 8968 f97f | 0000 ffd0 

  0x000002964355ba00: ;   {section_word}
  0x000002964355ba00: f449 ba01 | ba55 4396 | 0200 0041 

  0x000002964355ba0c: ;   {runtime_call DeoptimizationBlob}
  0x000002964355ba0c: 52e9 0e8d | bdff f4f4 | f4f4 f4f4 
[/MachCode]


Compiled method (c1) 9590 1584       1       jdk.internal.loader.BuiltinClassLoader::defineClass (121 bytes)
 total in heap  [0x000002964355cb10,0x000002964355da20] = 3856
 relocation     [0x000002964355cc70,0x000002964355cdb8] = 328
 main code      [0x000002964355cdc0,0x000002964355d480] = 1728
 stub code      [0x000002964355d480,0x000002964355d5a0] = 288
 metadata       [0x000002964355d5a0,0x000002964355d5e8] = 72
 scopes data    [0x000002964355d5e8,0x000002964355d840] = 600
 scopes pcs     [0x000002964355d840,0x000002964355d9e0] = 416
 dependencies   [0x000002964355d9e0,0x000002964355d9e8] = 8
 handler table  [0x000002964355d9e8,0x000002964355da00] = 24
 nul chk table  [0x000002964355da00,0x000002964355da20] = 32

[Constant Pool (empty)]

[MachCode]
[Entry Point]
  # {method} {0x000002964c0673c8} 'defineClass' '(Ljava/lang/String;Ljdk/internal/loader/Resource;)Ljava/lang/Class;' in 'jdk/internal/loader/BuiltinClassLoader'
  # this:     rdx:rdx   = 'jdk/internal/loader/BuiltinClassLoader'
  # parm0:    r8:r8     = 'java/lang/String'
  # parm1:    r9:r9     = 'jdk/internal/loader/Resource'
  #           [sp+0x110]  (sp of caller)
  0x000002964355cdc0: 448b 5208 | 49bb 0000 | 004c 9602 | 0000 4d03 | d34c 3bd0 

  0x000002964355cdd4: ;   {runtime_call ic_miss_stub}
  0x000002964355cdd4: 0f85 a619 | bdff 660f | 1f44 0000 
[Verified Entry Point]
  0x000002964355cde0: 8984 2400 | 80ff ff55 | 4881 ec00 | 0100 0090 | 4181 7f20 | 0700 0000 

  0x000002964355cdf8: ;   {runtime_call StubRoutines (final stubs)}
  0x000002964355cdf8: 7405 e8a1 | 96bb ff48 | 8994 24a0 | 0000 004c | 8984 2490 | 0000 004c | 898c 2498 | 0000 0049 
  0x000002964355ce18: 8bd1 6666 | 9048 b8ff | ffff ffff 

  0x000002964355ce24: ;   {virtual_call}
  0x000002964355ce24: ffff ffe8 

  0x000002964355ce28: ; ImmutableOopMap {[144]=Oop [152]=Oop [160]=Oop }
                      ;*invokevirtual getCodeSourceURL {reexecute=0 rethrow=0 return_oop=0}
                      ; - jdk.internal.loader.BuiltinClassLoader::defineClass@1 (line 842)
  0x000002964355ce28: 349b c8ff 

  0x000002964355ce2c: ;   {other}
  0x000002964355ce2c: 0f1f 8400 | 1c03 0000 | 4889 8424 | a800 0000 | 4c8b 8424 | 9000 0000 

  0x000002964355ce44: ; implicit exception: dispatches to 0x000002964355d382
  0x000002964355ce44: 418b 7014 

  0x000002964355ce48: ; implicit exception: dispatches to 0x000002964355d387
  0x000002964355ce48: 8b56 0c45 | 0fbe 4810 | 498b c9c1 | e118 c1f9 | 18d3 fa48 | 8bfa ffcf | 4585 c9ba | 0000 0000 
  0x000002964355ce68: 7505 ba01 | 0000 0083 | e201 85d2 | 488b d641 | b82e 0000 | 004c 8bcf | 0f84 1300 

  0x000002964355ce84: ;   {static_call}
  0x000002964355ce84: 0000 90e8 

  0x000002964355ce88: ; ImmutableOopMap {[144]=Oop [152]=Oop [160]=Oop [168]=Oop }
                      ;*invokestatic lastIndexOf {reexecute=0 rethrow=0 return_oop=0}
                      ; - java.lang.String::lastIndexOf@13 (line 2562)
                      ; - java.lang.String::lastIndexOf@8 (line 2524)
                      ; - jdk.internal.loader.BuiltinClassLoader::defineClass@8 (line 845)
  0x000002964355ce88: 34b0 d5ff 

  0x000002964355ce8c: ;   {other}
  0x000002964355ce8c: 0f1f 8400 | 7c03 0001 | e913 0000 | 0066 0f1f 

  0x000002964355ce9c: ;   {static_call}
  0x000002964355ce9c: 4400 00e8 

  0x000002964355cea0: ; ImmutableOopMap {[144]=Oop [152]=Oop [160]=Oop [168]=Oop }
                      ;*invokestatic lastIndexOf {reexecute=0 rethrow=0 return_oop=0}
                      ; - java.lang.String::lastIndexOf@25 (line 2563)
                      ; - java.lang.String::lastIndexOf@8 (line 2524)
                      ; - jdk.internal.loader.BuiltinClassLoader::defineClass@8 (line 845)
  0x000002964355cea0: dc21 bdff 

  0x000002964355cea4: ;   {other}
  0x000002964355cea4: 0f1f 8400 | 9403 0002 | 83f8 ff0f | 847f 0000 | 0041 b800 | 0000 004c | 8bc8 488b | 9424 9000 
  0x000002964355cec4: ;   {optimized virtual_call}
  0x000002964355cec4: 0000 90e8 

  0x000002964355cec8: ; ImmutableOopMap {[144]=Oop [152]=Oop [160]=Oop [168]=Oop }
                      ;*invokevirtual substring {reexecute=0 rethrow=0 return_oop=0}
                      ; - jdk.internal.loader.BuiltinClassLoader::defineClass@23 (line 847)
  0x000002964355cec8: 345f d5ff 

  0x000002964355cecc: ;   {other}
  0x000002964355cecc: 0f1f 8400 | bc03 0003 | 488b 9424 | 9800 0000 | 4889 8424 | b000 0000 | 9048 b8ff | ffff ffff 
  0x000002964355ceec: ;   {virtual_call}
  0x000002964355ceec: ffff ffe8 

  0x000002964355cef0: ; ImmutableOopMap {[144]=Oop [152]=Oop [160]=Oop [168]=Oop [176]=Oop }
                      ;*invokevirtual getManifest {reexecute=0 rethrow=0 return_oop=0}
                      ; - jdk.internal.loader.BuiltinClassLoader::defineClass@29 (line 848)
  0x000002964355cef0: 849b c8ff 

  0x000002964355cef4: ;   {other}
  0x000002964355cef4: 0f1f 8400 | e403 0004 | 4c8b 8424 | b000 0000 | 4c8b c848 | 8bbc 24a8 | 0000 0048 | 8b94 24a0 
  0x000002964355cf14: 0000 0066 | 0f1f 4400 | 0048 b860 | 7a06 4c96 

  0x000002964355cf24: ;   {virtual_call}
  0x000002964355cf24: 0200 00e8 

  0x000002964355cf28: ; ImmutableOopMap {[144]=Oop [152]=Oop [160]=Oop [168]=Oop }
                      ;*invokevirtual defineOrCheckPackage {reexecute=0 rethrow=0 return_oop=0}
                      ; - jdk.internal.loader.BuiltinClassLoader::defineClass@40 (line 849)
  0x000002964355cf28: 94fa ffff 

  0x000002964355cf2c: ;   {other}
  0x000002964355cf2c: 0f1f 8400 | 1c04 0005 | 4c8b 8c24 | 9800 0000 | 488d 9424 | e000 0000 | 4c89 4a08 | 498b 0148 
  0x000002964355cf4c: 83c8 0148 | 8902 f049 | 0fb1 110f | 8412 0000 | 0048 2bc4 | 4825 07f0 | ffff 4889 | 020f 851d 
  0x000002964355cf6c: 0400 0049 | ff87 5005 | 0000 418b | 510c 4885 | d20f 8551 | 0000 0049 | 8bd1 0f1f | 8000 0000 
  0x000002964355cf8c: 0048 b8ff | ffff ffff 

  0x000002964355cf94: ;   {virtual_call}
  0x000002964355cf94: ffff ffe8 

  0x000002964355cf98: ; ImmutableOopMap {[144]=Oop [152]=Oop [160]=Oop [168]=Oop [232]=Oop }
                      ;*invokevirtual getInputStream {reexecute=0 rethrow=0 return_oop=0}
                      ; - jdk.internal.loader.Resource::cachedInputStream@9 (line 77)
                      ; - jdk.internal.loader.Resource::getByteBuffer@1 (line 163)
                      ; - jdk.internal.loader.BuiltinClassLoader::defineClass@45 (line 853)
  0x000002964355cf98: d498 c8ff 

  0x000002964355cf9c: ;   {other}
  0x000002964355cf9c: 0f1f 8400 | 8c04 0006 | 410f be57 | 4085 d24c | 8b8c 2498 | 0000 000f | 85e6 0300 | 004c 8bd0 
  0x000002964355cfbc: 4589 510c | 498b d148 | 33d0 48c1 | ea14 4883 | fa00 0f85 | e703 0000 | 418b 510c | 488d 8424 
  0x000002964355cfdc: e000 0000 | 488b 3048 | 85f6 0f84 | 0f00 0000 | 488b 7808 | f048 0fb1 | 370f 85d8 | 0300 0049 
  0x000002964355cffc: ff8f 5005 | 0000 4885 | d20f 8443 

  0x000002964355d008: ;   {metadata('sun/nio/ByteBuffered')}
  0x000002964355d008: 0000 0048 | b860 3236 | 4c96 0200 | 008b 5a08 | 49ba 0000 | 004c 9602 | 0000 4903 | da48 3b43 
  0x000002964355d028: 200f 8424 | 0000 0048 | 3bd8 0f84 | 1b00 0000 

  0x000002964355d038: ;   {runtime_call slow_subtype_check Runtime1 stub}
  0x000002964355d038: 5350 e8c1 | 0ec8 ff5b | 5b85 db0f | 8405 0000 | 00e9 0500 | 0000 4833 | f6eb 0748 | c7c6 0100 
  0x000002964355d058: 0000 85f6 | 0f84 6f00 | 0000 4885 | d20f 8443 

  0x000002964355d068: ;   {metadata('sun/nio/ByteBuffered')}
  0x000002964355d068: 0000 0048 | bb60 3236 | 4c96 0200 | 008b 7a08 | 49ba 0000 | 004c 9602 | 0000 4903 | fa48 3b5f 
  0x000002964355d088: 200f 841f | 0000 0048 | 3bfb 0f84 | 1600 0000 

  0x000002964355d098: ;   {runtime_call slow_subtype_check Runtime1 stub}
  0x000002964355d098: 5753 e861 | 0ec8 ff5f | 5f85 ff0f | 8440 0300 | 00e9 0000 | 0000 0f1f | 8000 0000 | 0048 b8ff 
  0x000002964355d0b8: ffff ffff 

  0x000002964355d0bc: ;   {virtual_call}
  0x000002964355d0bc: ffff ffe8 

  0x000002964355d0c0: ; ImmutableOopMap {[144]=Oop [152]=Oop [160]=Oop [168]=Oop }
                      ;*invokeinterface getByteBuffer {reexecute=0 rethrow=0 return_oop=0}
                      ; - jdk.internal.loader.Resource::getByteBuffer@16 (line 165)
                      ; - jdk.internal.loader.BuiltinClassLoader::defineClass@45 (line 853)
  0x000002964355d0c0: bc1c bdff 

  0x000002964355d0c4: ;   {other}
  0x000002964355d0c4: 0f1f 8400 | b405 0007 | e90a 0000 

  0x000002964355d0d0: ;   {oop(nullptr)}
  0x000002964355d0d0: 0048 b800 | 0000 0000 | 0000 0048 | 85c0 0f84 | 0601 0000 | 4889 8424 | b800 0000 | 488b 9424 
  0x000002964355d0f0: 9800 0000 | 9048 b8ff | ffff ffff 

  0x000002964355d0fc: ;   {virtual_call}
  0x000002964355d0fc: ffff ffe8 

  0x000002964355d100: ; ImmutableOopMap {[144]=Oop [160]=Oop [168]=Oop [184]=Oop }
                      ;*invokevirtual getCodeSigners {reexecute=0 rethrow=0 return_oop=0}
                      ; - jdk.internal.loader.BuiltinClassLoader::defineClass@56 (line 855)
  0x000002964355d100: 7c1c bdff 

  0x000002964355d104: ;   {other}
  0x000002964355d104: 0f1f 8400 | f405 0008 

  0x000002964355d10c: ;   {metadata('java/security/CodeSource')}
  0x000002964355d10c: 4c8b c848 | ba28 5c00 | 4c96 0200 | 0049 8b87 | b801 0000 | 488d 7828 | 493b bfc8 | 0100 000f 
  0x000002964355d12c: 87c1 0200 | 0049 89bf | b801 0000 | 48c7 0001 | 0000 0048 | 8bca 49ba | 0000 004c | 9602 0000 
  0x000002964355d14c: 492b ca89 | 4808 4833 | c989 480c | 4833 c948 | 8948 1048 | 8948 1848 | 8948 204c | 8b84 24a8 
  0x000002964355d16c: 0000 0048 | 8bd0 4889 | 8424 c000 | 0000 0f1f 

  0x000002964355d17c: ;   {optimized virtual_call}
  0x000002964355d17c: 4400 00e8 

  0x000002964355d180: ; ImmutableOopMap {[144]=Oop [160]=Oop [184]=Oop [192]=Oop }
                      ;*invokespecial <init> {reexecute=0 rethrow=0 return_oop=0}
                      ; - jdk.internal.loader.BuiltinClassLoader::defineClass@68 (line 856)
  0x000002964355d180: fc18 bdff 

  0x000002964355d184: ;   {other}
  0x000002964355d184: 0f1f 8400 | 7406 0009 | 4c8b 8424 | c000 0000 | 488b 9424 | a000 0000 

  0x000002964355d19c: ;   {optimized virtual_call}
  0x000002964355d19c: 6666 90e8 

  0x000002964355d1a0: ; ImmutableOopMap {[144]=Oop [160]=Oop [184]=Oop }
                      ;*invokevirtual getProtectionDomain {reexecute=0 rethrow=0 return_oop=0}
                      ; - java.security.SecureClassLoader::defineClass@5 (line 182)
                      ; - jdk.internal.loader.BuiltinClassLoader::defineClass@79 (line 857)
  0x000002964355d1a0: dc18 bdff 

  0x000002964355d1a4: ;   {other}
  0x000002964355d1a4: 0f1f 8400 | 9406 000a | 4c8b 8424 | 9000 0000 | 4c8b 8c24 | b800 0000 | 488b f848 | 8b94 24a0 
  0x000002964355d1c4: ;   {optimized virtual_call}
  0x000002964355d1c4: 0000 00e8 

  0x000002964355d1c8: ; ImmutableOopMap {}
                      ;*invokevirtual defineClass {reexecute=0 rethrow=0 return_oop=0}
                      ; - java.security.SecureClassLoader::defineClass@8 (line 182)
                      ; - jdk.internal.loader.BuiltinClassLoader::defineClass@79 (line 857)
  0x000002964355d1c8: b418 bdff 

  0x000002964355d1cc: ;   {other}
  0x000002964355d1cc: 0f1f 8400 | bc06 000b | 4881 c400 | 0100 005d 

  0x000002964355d1dc: ;   {poll_return}
  0x000002964355d1dc: 493b a750 | 0400 000f | 8716 0200 | 00c3 4c8b | 8c24 9800 | 0000 498b | d148 b8ff | ffff ffff 
  0x000002964355d1fc: ;   {virtual_call}
  0x000002964355d1fc: ffff ffe8 

  0x000002964355d200: ; ImmutableOopMap {[144]=Oop [152]=Oop [160]=Oop [168]=Oop }
                      ;*invokevirtual getBytes {reexecute=0 rethrow=0 return_oop=0}
                      ; - jdk.internal.loader.BuiltinClassLoader::defineClass@84 (line 859)
  0x000002964355d200: cc96 c8ff 

  0x000002964355d204: ;   {other}
  0x000002964355d204: 0f1f 8400 | f406 000c | 4889 8424 | c800 0000 | 488b 9424 | 9800 0000 | 9048 b8ff | ffff ffff 
  0x000002964355d224: ;   {virtual_call}
  0x000002964355d224: ffff ffe8 

  0x000002964355d228: ; ImmutableOopMap {[144]=Oop [160]=Oop [168]=Oop [200]=Oop }
                      ;*invokevirtual getCodeSigners {reexecute=0 rethrow=0 return_oop=0}
                      ; - jdk.internal.loader.BuiltinClassLoader::defineClass@90 (line 860)
  0x000002964355d228: d496 c8ff 

  0x000002964355d22c: ;   {other}
  0x000002964355d22c: 0f1f 8400 | 1c07 000d 

  0x000002964355d234: ;   {metadata('java/security/CodeSource')}
  0x000002964355d234: 4c8b c848 | ba28 5c00 | 4c96 0200 | 0049 8b87 | b801 0000 | 488d 7828 | 493b bfc8 | 0100 000f 
  0x000002964355d254: 87bc 0100 | 0049 89bf | b801 0000 | 48c7 0001 | 0000 0048 | 8bca 49ba | 0000 004c | 9602 0000 
  0x000002964355d274: 492b ca89 | 4808 4833 | c989 480c | 4833 c948 | 8948 1048 | 8948 1848 | 8948 204c | 8b84 24a8 
  0x000002964355d294: 0000 0048 | 8bd0 4889 | 8424 d000 | 0000 0f1f 

  0x000002964355d2a4: ;   {optimized virtual_call}
  0x000002964355d2a4: 4400 00e8 

  0x000002964355d2a8: ; ImmutableOopMap {[144]=Oop [160]=Oop [200]=Oop [208]=Oop }
                      ;*invokespecial <init> {reexecute=0 rethrow=0 return_oop=0}
                      ; - jdk.internal.loader.BuiltinClassLoader::defineClass@102 (line 861)
  0x000002964355d2a8: 54df ffff 

  0x000002964355d2ac: ;   {other}
  0x000002964355d2ac: 0f1f 8400 | 9c07 000e | 488b 8424 | c800 0000 

  0x000002964355d2bc: ; implicit exception: dispatches to 0x000002964355d422
  0x000002964355d2bc: 8b70 0c4c | 8b84 24d0 | 0000 0048 | 8b94 24a0 | 0000 0089 | b424 d800 

  0x000002964355d2d4: ;   {optimized virtual_call}
  0x000002964355d2d4: 0000 90e8 

  0x000002964355d2d8: ; ImmutableOopMap {[144]=Oop [160]=Oop [200]=Oop }
                      ;*invokevirtual getProtectionDomain {reexecute=0 rethrow=0 return_oop=0}
                      ; - java.security.SecureClassLoader::defineClass@9 (line 150)
                      ; - jdk.internal.loader.BuiltinClassLoader::defineClass@117 (line 862)
  0x000002964355d2d8: a4a9 ffff 

  0x000002964355d2dc: ;   {other}
  0x000002964355d2dc: 0f1f 8400 | cc07 000f | 4c8b 8424 | 9000 0000 | 4c8b 8c24 | c800 0000 | bf00 0000 | 008b b424 
  0x000002964355d2fc: d800 0000 | 488b c848 | 8b94 24a0 | 0000 000f 

  0x000002964355d30c: ;   {optimized virtual_call}
  0x000002964355d30c: 1f40 00e8 

  0x000002964355d310: ; ImmutableOopMap {}
                      ;*invokevirtual defineClass {reexecute=0 rethrow=0 return_oop=0}
                      ; - java.security.SecureClassLoader::defineClass@12 (line 150)
                      ; - jdk.internal.loader.BuiltinClassLoader::defineClass@117 (line 862)
  0x000002964355d310: ece4 ffff 

  0x000002964355d314: ;   {other}
  0x000002964355d314: 0f1f 8400 | 0408 0010 | 4881 c400 | 0100 005d 

  0x000002964355d324: ;   {poll_return}
  0x000002964355d324: 493b a750 | 0400 000f | 87f6 0000 | 00c3 498b | 8700 0500 | 004d 33d2 | 4d89 9700 | 0500 004d 
  0x000002964355d344: 33d2 4d89 | 9708 0500 | 0048 8bf0 | 488d 8424 | e000 0000 | 488b 3848 | 85ff 0f84 | 0f00 0000 
  0x000002964355d364: 488b 5808 | f048 0fb1 | 3b0f 85ca | 0000 0049 | ff8f 5005 | 0000 488b | c6e9 ee00 

  0x000002964355d380: ;   {runtime_call throw_null_pointer_exception Runtime1 stub}
  0x000002964355d380: 0000 e879 

  0x000002964355d384: ; ImmutableOopMap {rax=Oop r8=Oop [144]=Oop [152]=Oop [160]=Oop [168]=Oop }
                      ;*invokevirtual lastIndexOf {reexecute=0 rethrow=0 return_oop=0}
                      ; - jdk.internal.loader.BuiltinClassLoader::defineClass@8 (line 845)
                      ;   {runtime_call throw_null_pointer_exception Runtime1 stub}
  0x000002964355d384: ddc7 ffe8 

  0x000002964355d388: ; ImmutableOopMap {rax=Oop r8=Oop rsi=Oop [144]=Oop [152]=Oop [160]=Oop [168]=Oop }
                      ;*arraylength {reexecute=0 rethrow=0 return_oop=0}
                      ; - java.lang.String::length@4 (line 1508)
                      ; - java.lang.String::lastIndexOf@3 (line 2524)
                      ; - jdk.internal.loader.BuiltinClassLoader::defineClass@8 (line 845)
  0x000002964355d388: 74dd c7ff | 4c89 4c24 | 0848 8914 

  0x000002964355d394: ;   {runtime_call monitorenter_nofpu Runtime1 stub}
  0x000002964355d394: 24e8 6611 

  0x000002964355d398: ; ImmutableOopMap {r9=Oop [144]=Oop [152]=Oop [160]=Oop [168]=Oop [232]=Oop }
                      ;*synchronization entry
                      ; - jdk.internal.loader.Resource::cachedInputStream@-1 (line 76)
                      ; - jdk.internal.loader.Resource::getByteBuffer@1 (line 163)
                      ; - jdk.internal.loader.BuiltinClassLoader::defineClass@45 (line 853)
  0x000002964355d398: c8ff e9d7 | fbff ff41 | 8b51 0c48 | 83fa 000f | 840c fcff | ff48 8914 

  0x000002964355d3b0: ;   {runtime_call g1_pre_barrier_slow}
  0x000002964355d3b0: 24e8 ca41 | c8ff e9fe | fbff ff48 | 83f8 000f | 840f fcff | ff4c 890c 

  0x000002964355d3c8: ;   {runtime_call g1_post_barrier_slow}
  0x000002964355d3c8: 24e8 b244 | c8ff e901 | fcff ff48 | 8d84 24e0 | 0000 0048 

  0x000002964355d3dc: ;   {runtime_call monitorexit_nofpu Runtime1 stub}
  0x000002964355d3dc: 8904 24e8 | 1c17 c8ff | e919 fcff | ff48 8914 

  0x000002964355d3ec: ;   {runtime_call throw_class_cast_exception Runtime1 stub}
  0x000002964355d3ec: 24e8 0e05 

  0x000002964355d3f0: ; ImmutableOopMap {[144]=Oop [152]=Oop [160]=Oop [168]=Oop }
                      ;*checkcast {reexecute=0 rethrow=0 return_oop=0}
                      ; - jdk.internal.loader.Resource::getByteBuffer@13 (line 165)
                      ; - jdk.internal.loader.BuiltinClassLoader::defineClass@45 (line 853)
  0x000002964355d3f0: c8ff 488b 

  0x000002964355d3f4: ;   {runtime_call fast_new_instance Runtime1 stub}
  0x000002964355d3f4: d2e8 06ea 

  0x000002964355d3f8: ; ImmutableOopMap {r9=Oop [144]=Oop [160]=Oop [168]=Oop [184]=Oop }
                      ;*new {reexecute=0 rethrow=0 return_oop=0}
                      ; - jdk.internal.loader.BuiltinClassLoader::defineClass@61 (line 856)
  0x000002964355d3f8: c7ff e968 

  0x000002964355d3fc: ;   {internal_word}
  0x000002964355d3fc: fdff ff49 | badc d155 | 4396 0200 | 004d 8997 | 6804 0000 

  0x000002964355d410: ;   {runtime_call SafepointBlob}
  0x000002964355d410: e96b 80bd | ff48 8bd2 

  0x000002964355d418: ;   {runtime_call fast_new_instance Runtime1 stub}
  0x000002964355d418: e8e3 e9c7 

  0x000002964355d41c: ; ImmutableOopMap {r9=Oop [144]=Oop [160]=Oop [168]=Oop [200]=Oop }
                      ;*new {reexecute=0 rethrow=0 return_oop=0}
                      ; - jdk.internal.loader.BuiltinClassLoader::defineClass@95 (line 861)
  0x000002964355d41c: ffe9 6dfe 

  0x000002964355d420: ;   {runtime_call throw_null_pointer_exception Runtime1 stub}
  0x000002964355d420: ffff e8d9 

  0x000002964355d424: ; ImmutableOopMap {rax=Oop [144]=Oop [160]=Oop [200]=Oop [208]=Oop }
                      ;*arraylength {reexecute=0 rethrow=0 return_oop=0}
                      ; - jdk.internal.loader.BuiltinClassLoader::defineClass@114 (line 862)
                      ;   {internal_word}
  0x000002964355d424: dcc7 ff49 | ba24 d355 | 4396 0200 | 004d 8997 | 6804 0000 

  0x000002964355d438: ;   {runtime_call SafepointBlob}
  0x000002964355d438: e943 80bd | ff48 8d84 | 24e0 0000 | 0048 8904 

  0x000002964355d448: ;   {runtime_call monitorexit_nofpu Runtime1 stub}
  0x000002964355d448: 24e8 b216 | c8ff e927 | ffff ff49 | 8b87 0005 | 0000 49c7 | 8700 0500 | 0000 0000 | 0049 c787 
  0x000002964355d468: 0805 0000 | 0000 0000 | 4881 c400 | 0100 005d 

  0x000002964355d478: ;   {runtime_call unwind_exception Runtime1 stub}
  0x000002964355d478: e983 c5c7 | fff4 f4f4 
[Stub Code]
  0x000002964355d480: ;   {no_reloc}
  0x000002964355d480: 0f1f 4400 

  0x000002964355d484: ;   {static_stub}
  0x000002964355d484: 0048 bb00 | 0000 0000 

  0x000002964355d48c: ;   {runtime_call nmethod}
  0x000002964355d48c: 0000 00e9 | fbff ffff 

  0x000002964355d494: ;   {static_stub}
  0x000002964355d494: 9048 bb00 | 0000 0000 

  0x000002964355d49c: ;   {runtime_call nmethod}
  0x000002964355d49c: 0000 00e9 | fbff ffff 

  0x000002964355d4a4: ;   {static_stub}
  0x000002964355d4a4: 9048 bb00 | 0000 0000 

  0x000002964355d4ac: ;   {runtime_call nmethod}
  0x000002964355d4ac: 0000 00e9 | fbff ffff 

  0x000002964355d4b4: ;   {static_stub}
  0x000002964355d4b4: 9048 bb00 | 0000 0000 

  0x000002964355d4bc: ;   {runtime_call nmethod}
  0x000002964355d4bc: 0000 00e9 | fbff ffff 

  0x000002964355d4c4: ;   {static_stub}
  0x000002964355d4c4: 9048 bb00 | 0000 0000 

  0x000002964355d4cc: ;   {runtime_call nmethod}
  0x000002964355d4cc: 0000 00e9 | fbff ffff 

  0x000002964355d4d4: ;   {static_stub}
  0x000002964355d4d4: 9048 bb00 | 0000 0000 

  0x000002964355d4dc: ;   {runtime_call nmethod}
  0x000002964355d4dc: 0000 00e9 | fbff ffff 

  0x000002964355d4e4: ;   {static_stub}
  0x000002964355d4e4: 9048 bb00 | 0000 0000 

  0x000002964355d4ec: ;   {runtime_call nmethod}
  0x000002964355d4ec: 0000 00e9 | fbff ffff 

  0x000002964355d4f4: ;   {static_stub}
  0x000002964355d4f4: 9048 bb00 | 0000 0000 

  0x000002964355d4fc: ;   {runtime_call nmethod}
  0x000002964355d4fc: 0000 00e9 | fbff ffff 

  0x000002964355d504: ;   {static_stub}
  0x000002964355d504: 48bb 0000 | 0000 0000 

  0x000002964355d50c: ;   {runtime_call nmethod}
  0x000002964355d50c: 0000 e9fb 

  0x000002964355d510: ;   {static_stub}
  0x000002964355d510: ffff ff48 | bb00 0000 | 0000 0000 

  0x000002964355d51c: ;   {runtime_call nmethod}
  0x000002964355d51c: 00e9 fbff 

  0x000002964355d520: ;   {static_stub}
  0x000002964355d520: ffff 48bb | 0000 0000 | 0000 0000 

  0x000002964355d52c: ;   {runtime_call nmethod}
  0x000002964355d52c: e9fb ffff 

  0x000002964355d530: ;   {static_stub}
  0x000002964355d530: ff48 bb00 | 0000 0000 

  0x000002964355d538: ;   {runtime_call nmethod}
  0x000002964355d538: 0000 00e9 | fbff ffff 

  0x000002964355d540: ;   {static_stub}
  0x000002964355d540: 48bb 0000 | 0000 0000 

  0x000002964355d548: ;   {runtime_call nmethod}
  0x000002964355d548: 0000 e9fb 

  0x000002964355d54c: ;   {static_stub}
  0x000002964355d54c: ffff ff48 | bb00 0000 | 0000 0000 

  0x000002964355d558: ;   {runtime_call nmethod}
  0x000002964355d558: 00e9 fbff 

  0x000002964355d55c: ;   {static_stub}
  0x000002964355d55c: ffff 48bb | 0000 0000 | 0000 0000 

  0x000002964355d568: ;   {runtime_call nmethod}
  0x000002964355d568: e9fb ffff 

  0x000002964355d56c: ;   {runtime_call handle_exception_from_callee Runtime1 stub}
  0x000002964355d56c: ffe8 8efd 

  0x000002964355d570: ;   {external_word}
  0x000002964355d570: c7ff 48b9 | 4063 c768 | f97f 0000 | 4883 e4f0 

  0x000002964355d580: ;   {runtime_call}
  0x000002964355d580: 48b8 d0c4 | 8968 f97f | 0000 ffd0 

  0x000002964355d58c: ;   {section_word}
  0x000002964355d58c: f449 ba8d | d555 4396 | 0200 0041 

  0x000002964355d598: ;   {runtime_call DeoptimizationBlob}
  0x000002964355d598: 52e9 8271 | bdff f4f4 
[/MachCode]


---------------  P R O C E S S  ---------------

Threads class SMR info:
_java_thread_list=0x00000296932e47b0, length=21, elements={
0x0000029638e60790, 0x000002964bd288d0, 0x000002964bd294e0, 0x000002964bd2ce90,
0x000002964bd2d930, 0x000002964bd365f0, 0x000002964bd3acf0, 0x000002964bd41360,
0x000002964bcff940, 0x0000029691118de0, 0x0000029691596210, 0x0000029691596880,
0x00000296916680f0, 0x00000296917d07c0, 0x00000296918982d0, 0x00000296918999f0,
0x00000296918915b0, 0x0000029691891c20, 0x00000296934a3e00, 0x00000296934a4490,
0x00000296934a51b0
}

Java Threads: ( => current thread )
=>0x0000029638e60790 JavaThread "main"                              [_thread_in_vm, id=24808, stack(0x000000f2e3a00000,0x000000f2e3b00000) (1024K)]
  0x000002964bd288d0 JavaThread "Reference Handler"          daemon [_thread_blocked, id=25612, stack(0x000000f2e4200000,0x000000f2e4300000) (1024K)]
  0x000002964bd294e0 JavaThread "Finalizer"                  daemon [_thread_blocked, id=19060, stack(0x000000f2e4300000,0x000000f2e4400000) (1024K)]
  0x000002964bd2ce90 JavaThread "Signal Dispatcher"          daemon [_thread_blocked, id=18476, stack(0x000000f2e4400000,0x000000f2e4500000) (1024K)]
  0x000002964bd2d930 JavaThread "Attach Listener"            daemon [_thread_blocked, id=27892, stack(0x000000f2e4500000,0x000000f2e4600000) (1024K)]
  0x000002964bd365f0 JavaThread "Service Thread"             daemon [_thread_blocked, id=25388, stack(0x000000f2e4600000,0x000000f2e4700000) (1024K)]
  0x000002964bd3acf0 JavaThread "Monitor Deflation Thread"   daemon [_thread_blocked, id=16552, stack(0x000000f2e4700000,0x000000f2e4800000) (1024K)]
  0x000002964bd41360 JavaThread "C1 CompilerThread0"         daemon [_thread_blocked, id=14216, stack(0x000000f2e4800000,0x000000f2e4900000) (1024K)]
  0x000002964bcff940 JavaThread "C1 CompilerThread1"         daemon [_thread_blocked, id=3448, stack(0x000000f2e4900000,0x000000f2e4a00000) (1024K)]
  0x0000029691118de0 JavaThread "Common-Cleaner"             daemon [_thread_blocked, id=21156, stack(0x000000f2e4a00000,0x000000f2e4b00000) (1024K)]
  0x0000029691596210 JavaThread "Monitor Ctrl-Break"         daemon [_thread_in_native, id=1856, stack(0x000000f2e4b00000,0x000000f2e4c00000) (1024K)]
  0x0000029691596880 JavaThread "Notification Thread"        daemon [_thread_blocked, id=27752, stack(0x000000f2e4c00000,0x000000f2e4d00000) (1024K)]
  0x00000296916680f0 JavaThread "C1 CompilerThread2"         daemon [_thread_blocked, id=23156, stack(0x000000f2e4d00000,0x000000f2e4e00000) (1024K)]
  0x00000296917d07c0 JavaThread "RMI TCP Accept-0"           daemon [_thread_in_native, id=9780, stack(0x000000f2e4e00000,0x000000f2e4f00000) (1024K)]
  0x00000296918982d0 JavaThread "RMI TCP Connection(1)-192.168.1.50" daemon [_thread_in_native, id=15052, stack(0x000000f2e4f00000,0x000000f2e5000000) (1024K)]
  0x00000296918999f0 JavaThread "RMI TCP Connection(2)-192.168.1.50" daemon [_thread_in_native, id=16928, stack(0x000000f2e5000000,0x000000f2e5100000) (1024K)]
  0x00000296918915b0 JavaThread "RMI Scheduler(0)"           daemon [_thread_blocked, id=26836, stack(0x000000f2e5200000,0x000000f2e5300000) (1024K)]
  0x0000029691891c20 JavaThread "JMX server connection timeout 28" daemon [_thread_blocked, id=3688, stack(0x000000f2e5300000,0x000000f2e5400000) (1024K)]
  0x00000296934a3e00 JavaThread "mysql-cj-abandoned-connection-cleanup" daemon [_thread_blocked, id=14788, stack(0x000000f2e5c00000,0x000000f2e5d00000) (1024K)]
  0x00000296934a4490 JavaThread "HikariPool-1:housekeeper"   daemon [_thread_blocked, id=20680, stack(0x000000f2e6000000,0x000000f2e6100000) (1024K)]
  0x00000296934a51b0 JavaThread "HikariPool-1:connection-adder" daemon [_thread_blocked, id=12436, stack(0x000000f2e6100000,0x000000f2e6200000) (1024K)]
Total: 21

Other Threads:
  0x000002964bd0f490 VMThread "VM Thread"                           [id=1820, stack(0x000000f2e4100000,0x000000f2e4200000) (1024K)]
  0x000002964bcfec90 WatcherThread "VM Periodic Task Thread"        [id=9160, stack(0x000000f2e4000000,0x000000f2e4100000) (1024K)]
  0x00000296393f0010 WorkerThread "GC Thread#0"                     [id=26184, stack(0x000000f2e3b00000,0x000000f2e3c00000) (1024K)]
  0x000002969196f140 WorkerThread "GC Thread#1"                     [id=10548, stack(0x000000f2e5100000,0x000000f2e5200000) (1024K)]
  0x000002969199e230 WorkerThread "GC Thread#2"                     [id=26532, stack(0x000000f2e5400000,0x000000f2e5500000) (1024K)]
  0x000002969199e5e0 WorkerThread "GC Thread#3"                     [id=22220, stack(0x000000f2e5500000,0x000000f2e5600000) (1024K)]
  0x00000296919acaf0 WorkerThread "GC Thread#4"                     [id=26156, stack(0x000000f2e5600000,0x000000f2e5700000) (1024K)]
  0x00000296919acea0 WorkerThread "GC Thread#5"                     [id=19396, stack(0x000000f2e5700000,0x000000f2e5800000) (1024K)]
  0x00000296919ad250 WorkerThread "GC Thread#6"                     [id=26920, stack(0x000000f2e5800000,0x000000f2e5900000) (1024K)]
  0x00000296919b1da0 WorkerThread "GC Thread#7"                     [id=15820, stack(0x000000f2e5900000,0x000000f2e5a00000) (1024K)]
  0x00000296919b19f0 WorkerThread "GC Thread#8"                     [id=11128, stack(0x000000f2e5a00000,0x000000f2e5b00000) (1024K)]
  0x00000296919b0b30 WorkerThread "GC Thread#9"                     [id=27972, stack(0x000000f2e5b00000,0x000000f2e5c00000) (1024K)]
  0x0000029639400890 ConcurrentGCThread "G1 Main Marker"            [id=21064, stack(0x000000f2e3c00000,0x000000f2e3d00000) (1024K)]
  0x0000029639401a50 WorkerThread "G1 Conc#0"                       [id=21960, stack(0x000000f2e3d00000,0x000000f2e3e00000) (1024K)]
  0x00000296924333a0 WorkerThread "G1 Conc#1"                       [id=27456, stack(0x000000f2e5d00000,0x000000f2e5e00000) (1024K)]
  0x0000029692431270 WorkerThread "G1 Conc#2"                       [id=10444, stack(0x000000f2e5e00000,0x000000f2e5f00000) (1024K)]
  0x000002964bbc79c0 ConcurrentGCThread "G1 Refine#0"               [id=27388, stack(0x000000f2e3e00000,0x000000f2e3f00000) (1024K)]
  0x000002964bbcb210 ConcurrentGCThread "G1 Service"                [id=25080, stack(0x000000f2e3f00000,0x000000f2e4000000) (1024K)]
Total: 18

Threads with active compile tasks:
Total: 0

VM state: not at safepoint (normal execution)

VM Mutex/Monitor currently owned by a thread:  ([mutex/lock_event])
[0x00007ff968f2d4f0] Metaspace_lock - owner thread: 0x0000029638e60790

OutOfMemory and StackOverflow Exception counts:
OutOfMemoryError java_heap_errors=1
LinkageErrors=153

Heap address: 0x000000008a800000, size: 1880 MB, Compressed Oops mode: 32-bit

CDS archive(s) mapped at: [0x000002964c000000-0x000002964cc80000-0x000002964cc80000), size 13107200, SharedBaseAddress: 0x000002964c000000, ArchiveRelocationMode: 1.
Compressed class space mapped at: 0x000002964d000000-0x000002968d000000, reserved size: 1073741824
Narrow klass base: 0x000002964c000000, Narrow klass shift: 0, Narrow klass range: 0x100000000

GC Precious Log:
 CardTable entry size: 512
 Card Set container configuration: InlinePtr #cards 5 size 8 Array Of Cards #cards 12 size 40 Howl #buckets 4 coarsen threshold 1843 Howl Bitmap #cards 512 size 80 coarsen threshold 460 Card regions per heap region 1 cards per card region 2048
 CPUs: 12 total, 12 available
 Memory: 7518M
 Large Page Support: Disabled
 NUMA Support: Disabled
 Compressed Oops: Enabled (32-bit)
 Heap Region Size: 1M
 Heap Min Capacity: 8M
 Heap Initial Capacity: 118M
 Heap Max Capacity: 1880M
 Pre-touch: Disabled
 Parallel Workers: 10
 Concurrent Workers: 3
 Concurrent Refinement Workers: 10
 Periodic GC: Disabled

Heap:
 garbage-first heap   total 70656K, used 41747K [0x000000008a800000, 0x0000000100000000)
  region size 1024K, 16 young (16384K), 2 survivors (2048K)
 Metaspace       used 62617K, committed 63296K, reserved 1114112K
  class space    used 8767K, committed 9088K, reserved 1048576K

Heap Regions: E=young(eden), S=young(survivor), O=old, HS=humongous(starts), HC=humongous(continues), CS=collection set, F=free, TAMS=top-at-mark-start, PB=parsable bottom
|   0|0x000000008a800000, 0x000000008a900000, 0x000000008a900000|100%|HS|  |TAMS 0x000000008a800000| PB 0x000000008a800000| Complete 
|   1|0x000000008a900000, 0x000000008aa00000, 0x000000008aa00000|100%| O|  |TAMS 0x000000008a900000| PB 0x000000008a900000| Untracked 
|   2|0x000000008aa00000, 0x000000008ab00000, 0x000000008ab00000|100%| O|  |TAMS 0x000000008aa00000| PB 0x000000008aa00000| Untracked 
|   3|0x000000008ab00000, 0x000000008ac00000, 0x000000008ac00000|100%| O|  |TAMS 0x000000008ab00000| PB 0x000000008ab00000| Untracked 
|   4|0x000000008ac00000, 0x000000008ad00000, 0x000000008ad00000|100%| O|  |TAMS 0x000000008ac00000| PB 0x000000008ac00000| Untracked 
|   5|0x000000008ad00000, 0x000000008ae00000, 0x000000008ae00000|100%| O|  |TAMS 0x000000008ad00000| PB 0x000000008ad00000| Untracked 
|   6|0x000000008ae00000, 0x000000008af00000, 0x000000008af00000|100%| O|  |TAMS 0x000000008ae00000| PB 0x000000008ae00000| Untracked 
|   7|0x000000008af00000, 0x000000008b000000, 0x000000008b000000|100%| O|  |TAMS 0x000000008af00000| PB 0x000000008af00000| Untracked 
|   8|0x000000008b000000, 0x000000008b100000, 0x000000008b100000|100%| O|  |TAMS 0x000000008b000000| PB 0x000000008b000000| Untracked 
|   9|0x000000008b100000, 0x000000008b200000, 0x000000008b200000|100%| O|  |TAMS 0x000000008b100000| PB 0x000000008b100000| Untracked 
|  10|0x000000008b200000, 0x000000008b300000, 0x000000008b300000|100%| O|  |TAMS 0x000000008b200000| PB 0x000000008b200000| Untracked 
|  11|0x000000008b300000, 0x000000008b400000, 0x000000008b400000|100%| O|  |TAMS 0x000000008b300000| PB 0x000000008b300000| Untracked 
|  12|0x000000008b400000, 0x000000008b500000, 0x000000008b500000|100%| O|  |TAMS 0x000000008b400000| PB 0x000000008b400000| Untracked 
|  13|0x000000008b500000, 0x000000008b600000, 0x000000008b600000|100%| O|  |TAMS 0x000000008b500000| PB 0x000000008b500000| Untracked 
|  14|0x000000008b600000, 0x000000008b700000, 0x000000008b700000|100%| O|  |TAMS 0x000000008b600000| PB 0x000000008b600000| Untracked 
|  15|0x000000008b700000, 0x000000008b800000, 0x000000008b800000|100%| O|Cm|TAMS 0x000000008b700000| PB 0x000000008b700000| Complete 
|  16|0x000000008b800000, 0x000000008b900000, 0x000000008b900000|100%| O|  |TAMS 0x000000008b800000| PB 0x000000008b800000| Untracked 
|  17|0x000000008b900000, 0x000000008ba00000, 0x000000008ba00000|100%| O|  |TAMS 0x000000008b900000| PB 0x000000008b900000| Untracked 
|  18|0x000000008ba00000, 0x000000008bb00000, 0x000000008bb00000|100%| O|  |TAMS 0x000000008ba00000| PB 0x000000008ba00000| Untracked 
|  19|0x000000008bb00000, 0x000000008bc00000, 0x000000008bc00000|100%| O|  |TAMS 0x000000008bb00000| PB 0x000000008bb00000| Untracked 
|  20|0x000000008bc00000, 0x000000008bd00000, 0x000000008bd00000|100%| O|  |TAMS 0x000000008bc00000| PB 0x000000008bc00000| Untracked 
|  21|0x000000008bd00000, 0x000000008be00000, 0x000000008be00000|100%| O|  |TAMS 0x000000008bd00000| PB 0x000000008bd00000| Untracked 
|  22|0x000000008be00000, 0x000000008bf00000, 0x000000008bf00000|100%| O|  |TAMS 0x000000008be00000| PB 0x000000008be00000| Untracked 
|  23|0x000000008bf00000, 0x000000008c000000, 0x000000008c000000|100%| O|  |TAMS 0x000000008bf00000| PB 0x000000008bf00000| Untracked 
|  24|0x000000008c000000, 0x000000008c100000, 0x000000008c100000|100%| O|  |TAMS 0x000000008c000000| PB 0x000000008c000000| Untracked 
|  25|0x000000008c100000, 0x000000008c200000, 0x000000008c200000|100%| O|  |TAMS 0x000000008c100000| PB 0x000000008c100000| Untracked 
|  26|0x000000008c200000, 0x000000008c200000, 0x000000008c300000|  0%| F|  |TAMS 0x000000008c200000| PB 0x000000008c200000| Untracked 
|  27|0x000000008c300000, 0x000000008c300000, 0x000000008c400000|  0%| F|  |TAMS 0x000000008c300000| PB 0x000000008c300000| Untracked 
|  28|0x000000008c400000, 0x000000008c400000, 0x000000008c500000|  0%| F|  |TAMS 0x000000008c400000| PB 0x000000008c400000| Untracked 
|  29|0x000000008c500000, 0x000000008c500000, 0x000000008c600000|  0%| F|  |TAMS 0x000000008c500000| PB 0x000000008c500000| Untracked 
|  30|0x000000008c600000, 0x000000008c600000, 0x000000008c700000|  0%| F|  |TAMS 0x000000008c600000| PB 0x000000008c600000| Untracked 
|  31|0x000000008c700000, 0x000000008c700000, 0x000000008c800000|  0%| F|  |TAMS 0x000000008c700000| PB 0x000000008c700000| Untracked 
|  32|0x000000008c800000, 0x000000008c800000, 0x000000008c900000|  0%| F|  |TAMS 0x000000008c800000| PB 0x000000008c800000| Untracked 
|  33|0x000000008c900000, 0x000000008c900000, 0x000000008ca00000|  0%| F|  |TAMS 0x000000008c900000| PB 0x000000008c900000| Untracked 
|  34|0x000000008ca00000, 0x000000008ca00000, 0x000000008cb00000|  0%| F|  |TAMS 0x000000008ca00000| PB 0x000000008ca00000| Untracked 
|  35|0x000000008cb00000, 0x000000008cb00000, 0x000000008cc00000|  0%| F|  |TAMS 0x000000008cb00000| PB 0x000000008cb00000| Untracked 
|  36|0x000000008cc00000, 0x000000008cc00000, 0x000000008cd00000|  0%| F|  |TAMS 0x000000008cc00000| PB 0x000000008cc00000| Untracked 
|  37|0x000000008cd00000, 0x000000008cd00000, 0x000000008ce00000|  0%| F|  |TAMS 0x000000008cd00000| PB 0x000000008cd00000| Untracked 
|  38|0x000000008ce00000, 0x000000008ce00000, 0x000000008cf00000|  0%| F|  |TAMS 0x000000008ce00000| PB 0x000000008ce00000| Untracked 
|  39|0x000000008cf00000, 0x000000008cf00000, 0x000000008d000000|  0%| F|  |TAMS 0x000000008cf00000| PB 0x000000008cf00000| Untracked 
|  40|0x000000008d000000, 0x000000008d000000, 0x000000008d100000|  0%| F|  |TAMS 0x000000008d000000| PB 0x000000008d000000| Untracked 
|  41|0x000000008d100000, 0x000000008d100000, 0x000000008d200000|  0%| F|  |TAMS 0x000000008d100000| PB 0x000000008d100000| Untracked 
|  42|0x000000008d200000, 0x000000008d200000, 0x000000008d300000|  0%| F|  |TAMS 0x000000008d200000| PB 0x000000008d200000| Untracked 
|  43|0x000000008d300000, 0x000000008d300000, 0x000000008d400000|  0%| F|  |TAMS 0x000000008d300000| PB 0x000000008d300000| Untracked 
|  44|0x000000008d400000, 0x000000008d400000, 0x000000008d500000|  0%| F|  |TAMS 0x000000008d400000| PB 0x000000008d400000| Untracked 
|  45|0x000000008d500000, 0x000000008d500000, 0x000000008d600000|  0%| F|  |TAMS 0x000000008d500000| PB 0x000000008d500000| Untracked 
|  46|0x000000008d600000, 0x000000008d600000, 0x000000008d700000|  0%| F|  |TAMS 0x000000008d600000| PB 0x000000008d600000| Untracked 
|  47|0x000000008d700000, 0x000000008d700000, 0x000000008d800000|  0%| F|  |TAMS 0x000000008d700000| PB 0x000000008d700000| Untracked 
|  48|0x000000008d800000, 0x000000008d800000, 0x000000008d900000|  0%| F|  |TAMS 0x000000008d800000| PB 0x000000008d800000| Untracked 
|  49|0x000000008d900000, 0x000000008d9c4c40, 0x000000008da00000| 76%| S|CS|TAMS 0x000000008d900000| PB 0x000000008d900000| Complete 
|  50|0x000000008da00000, 0x000000008db00000, 0x000000008db00000|100%| S|CS|TAMS 0x000000008da00000| PB 0x000000008da00000| Complete 
|  51|0x000000008db00000, 0x000000008db00000, 0x000000008dc00000|  0%| F|  |TAMS 0x000000008db00000| PB 0x000000008db00000| Untracked 
|  52|0x000000008dc00000, 0x000000008dc00000, 0x000000008dd00000|  0%| F|  |TAMS 0x000000008dc00000| PB 0x000000008dc00000| Untracked 
|  53|0x000000008dd00000, 0x000000008dd00000, 0x000000008de00000|  0%| F|  |TAMS 0x000000008dd00000| PB 0x000000008dd00000| Untracked 
|  54|0x000000008de00000, 0x000000008de00000, 0x000000008df00000|  0%| F|  |TAMS 0x000000008de00000| PB 0x000000008de00000| Untracked 
|  55|0x000000008df00000, 0x000000008df80000, 0x000000008e000000| 50%| E|  |TAMS 0x000000008df00000| PB 0x000000008df00000| Complete 
|  56|0x000000008e000000, 0x000000008e100000, 0x000000008e100000|100%| E|CS|TAMS 0x000000008e000000| PB 0x000000008e000000| Complete 
|  57|0x000000008e100000, 0x000000008e200000, 0x000000008e200000|100%| E|CS|TAMS 0x000000008e100000| PB 0x000000008e100000| Complete 
|  58|0x000000008e200000, 0x000000008e300000, 0x000000008e300000|100%| E|CS|TAMS 0x000000008e200000| PB 0x000000008e200000| Complete 
|  59|0x000000008e300000, 0x000000008e400000, 0x000000008e400000|100%| E|CS|TAMS 0x000000008e300000| PB 0x000000008e300000| Complete 
|  60|0x000000008e400000, 0x000000008e500000, 0x000000008e500000|100%| E|CS|TAMS 0x000000008e400000| PB 0x000000008e400000| Complete 
|  61|0x000000008e500000, 0x000000008e600000, 0x000000008e600000|100%| E|CS|TAMS 0x000000008e500000| PB 0x000000008e500000| Complete 
|  62|0x000000008e600000, 0x000000008e700000, 0x000000008e700000|100%| E|CS|TAMS 0x000000008e600000| PB 0x000000008e600000| Complete 
|  76|0x000000008f400000, 0x000000008f500000, 0x000000008f500000|100%| E|CS|TAMS 0x000000008f400000| PB 0x000000008f400000| Complete 
|  77|0x000000008f500000, 0x000000008f600000, 0x000000008f600000|100%| E|CS|TAMS 0x000000008f500000| PB 0x000000008f500000| Complete 
|  78|0x000000008f600000, 0x000000008f700000, 0x000000008f700000|100%| E|CS|TAMS 0x000000008f600000| PB 0x000000008f600000| Complete 
|  79|0x000000008f700000, 0x000000008f800000, 0x000000008f800000|100%| E|CS|TAMS 0x000000008f700000| PB 0x000000008f700000| Complete 
|  80|0x000000008f800000, 0x000000008f900000, 0x000000008f900000|100%| E|CS|TAMS 0x000000008f800000| PB 0x000000008f800000| Complete 
| 117|0x0000000091d00000, 0x0000000091e00000, 0x0000000091e00000|100%| E|CS|TAMS 0x0000000091d00000| PB 0x0000000091d00000| Complete 

Card table byte_map: [0x0000029646f30000,0x00000296472e0000] _byte_map_base: 0x0000029646adc000

Marking Bits: (CMBitMap*) 0x00000296393f0630
 Bits: [0x00000296472e0000, 0x0000029649040000)

Polling page: 0x0000029639120000

Metaspace:

Usage:
  Non-class:     52.59 MB used.
      Class:      8.56 MB used.
       Both:     61.15 MB used.

Virtual space:
  Non-class space:       64.00 MB reserved,      52.94 MB ( 83%) committed,  1 nodes.
      Class space:        1.00 GB reserved,       8.88 MB ( <1%) committed,  1 nodes.
             Both:        1.06 GB reserved,      61.81 MB (  6%) committed. 

Chunk freelists:
   Non-Class:  10.61 MB
       Class:  7.12 MB
        Both:  17.73 MB

MaxMetaspaceSize: unlimited
CompressedClassSpaceSize: 1.00 GB
Initial GC threshold: 21.00 MB
Current GC threshold: 98.69 MB
CDS: on
 - commit_granule_bytes: 65536.
 - commit_granule_words: 8192.
 - virtual_space_node_default_size: 8388608.
 - enlarge_chunks_in_place: 1.
 - use_allocation_guard: 0.


Internal statistics:

num_allocs_failed_limit: 9.
num_arena_births: 1054.
num_arena_deaths: 8.
num_vsnodes_births: 2.
num_vsnodes_deaths: 0.
num_space_committed: 989.
num_space_uncommitted: 0.
num_chunks_returned_to_freelist: 20.
num_chunks_taken_from_freelist: 3168.
num_chunk_merges: 10.
num_chunk_splits: 2320.
num_chunks_enlarged: 1762.
num_inconsistent_stats: 0.

CodeCache: size=49152Kb used=11036Kb max_used=11036Kb free=38115Kb
 bounds [0x00000296430e0000, 0x0000029643bb0000, 0x00000296460e0000]
 total_blobs=6293, nmethods=5613, adapters=602, full_count=0
Compilation: enabled, stopped_count=0, restarted_count=0

Compilation events (20 events):
Event: 9.247 Thread 0x000002964bd41360 5670       1       org.hibernate.type.descriptor.java.AbstractClassJavaType::getJavaTypeClass (5 bytes)
Event: 9.247 Thread 0x000002964bd41360 nmethod 5670 0x0000029643ba3a10 code [0x0000029643ba3bc0, 0x0000029643ba3cb0]
Event: 9.253 Thread 0x000002964bd41360 5671       1       org.hibernate.internal.util.collections.CaseInsensitiveDictionary::trueKey (8 bytes)
Event: 9.253 Thread 0x000002964bd41360 nmethod 5671 0x0000029643ba3d90 code [0x0000029643ba3f40, 0x0000029643ba4088]
Event: 9.293 Thread 0x000002964bd41360 5672       1       java.lang.invoke.DirectMethodHandle$Holder::invokeStatic (17 bytes)
Event: 9.293 Thread 0x00000296916680f0 5673       1       java.lang.invoke.LambdaForm$MH/0x000002964d006800::invoke (32 bytes)
Event: 9.293 Thread 0x000002964bcff940 5674       1       java.lang.invoke.DirectMethodHandle$Holder::invokeStatic (21 bytes)
Event: 9.293 Thread 0x000002964bd41360 nmethod 5672 0x0000029643ba4190 code [0x0000029643ba4340, 0x0000029643ba4468]
Event: 9.293 Thread 0x000002964bcff940 nmethod 5674 0x0000029643ba4590 code [0x0000029643ba4740, 0x0000029643ba4868]
Event: 9.293 Thread 0x00000296916680f0 nmethod 5673 0x0000029643ba4990 code [0x0000029643ba4b40, 0x0000029643ba4ca8]
Event: 9.296 Thread 0x00000296916680f0 5675       1       java.lang.StringConcatHelper::mix (11 bytes)
Event: 9.296 Thread 0x000002964bcff940 5676       1       java.lang.StringConcatHelper::prepend (22 bytes)
Event: 9.296 Thread 0x000002964bd41360 5677       1       java.lang.StringConcatHelper::prepend (30 bytes)
Event: 9.296 Thread 0x00000296916680f0 nmethod 5675 0x0000029643ba4d90 code [0x0000029643ba4f40, 0x0000029643ba50b8]
Event: 9.296 Thread 0x000002964bd41360 nmethod 5677 0x0000029643ba5190 code [0x0000029643ba5340, 0x0000029643ba5488]
Event: 9.296 Thread 0x000002964bcff940 nmethod 5676 0x0000029643ba5510 code [0x0000029643ba56c0, 0x0000029643ba5830]
Event: 9.392 Thread 0x000002964bd41360 5678       1       java.lang.invoke.BoundMethodHandle$Species_LL::copyWithExtendL (25 bytes)
Event: 9.393 Thread 0x000002964bd41360 nmethod 5678 0x0000029643ba6110 code [0x0000029643ba62e0, 0x0000029643ba6478]
Event: 9.420 Thread 0x000002964bcff940 5679       1       java.lang.ClassLoader::getResource (41 bytes)
Event: 9.420 Thread 0x000002964bcff940 nmethod 5679 0x0000029643ba6590 code [0x0000029643ba6760, 0x0000029643ba6988]

GC Heap History (20 events):
Event: 3.246 GC heap before
{Heap before GC invocations=2 (full 0):
 garbage-first heap   total 120832K, used 44077K [0x000000008a800000, 0x0000000100000000)
  region size 1024K, 37 young (37888K), 3 survivors (3072K)
 Metaspace       used 21085K, committed 21504K, reserved 1114112K
  class space    used 2935K, committed 3136K, reserved 1048576K
}
Event: 3.255 GC heap after
{Heap after GC invocations=3 (full 0):
 garbage-first heap   total 120832K, used 13648K [0x000000008a800000, 0x0000000100000000)
  region size 1024K, 5 young (5120K), 5 survivors (5120K)
 Metaspace       used 21085K, committed 21504K, reserved 1114112K
  class space    used 2935K, committed 3136K, reserved 1048576K
}
Event: 3.668 GC heap before
{Heap before GC invocations=4 (full 0):
 garbage-first heap   total 48128K, used 37200K [0x000000008a800000, 0x0000000100000000)
  region size 1024K, 28 young (28672K), 5 survivors (5120K)
 Metaspace       used 24687K, committed 25216K, reserved 1114112K
  class space    used 3420K, committed 3648K, reserved 1048576K
}
Event: 3.681 GC heap after
{Heap after GC invocations=5 (full 0):
 garbage-first heap   total 48128K, used 15953K [0x000000008a800000, 0x0000000100000000)
  region size 1024K, 3 young (3072K), 3 survivors (3072K)
 Metaspace       used 24687K, committed 25216K, reserved 1114112K
  class space    used 3420K, committed 3648K, reserved 1048576K
}
Event: 4.250 GC heap before
{Heap before GC invocations=5 (full 0):
 garbage-first heap   total 48128K, used 35409K [0x000000008a800000, 0x0000000100000000)
  region size 1024K, 22 young (22528K), 3 survivors (3072K)
 Metaspace       used 26613K, committed 27072K, reserved 1114112K
  class space    used 3701K, committed 3904K, reserved 1048576K
}
Event: 4.255 GC heap after
{Heap after GC invocations=6 (full 0):
 garbage-first heap   total 48128K, used 17430K [0x000000008a800000, 0x0000000100000000)
  region size 1024K, 2 young (2048K), 2 survivors (2048K)
 Metaspace       used 26613K, committed 27072K, reserved 1114112K
  class space    used 3701K, committed 3904K, reserved 1048576K
}
Event: 4.703 GC heap before
{Heap before GC invocations=6 (full 0):
 garbage-first heap   total 48128K, used 36886K [0x000000008a800000, 0x0000000100000000)
  region size 1024K, 21 young (21504K), 2 survivors (2048K)
 Metaspace       used 29322K, committed 29888K, reserved 1114112K
  class space    used 4097K, committed 4352K, reserved 1048576K
}
Event: 4.710 GC heap after
{Heap after GC invocations=7 (full 0):
 garbage-first heap   total 48128K, used 19017K [0x000000008a800000, 0x0000000100000000)
  region size 1024K, 3 young (3072K), 3 survivors (3072K)
 Metaspace       used 29322K, committed 29888K, reserved 1114112K
  class space    used 4097K, committed 4352K, reserved 1048576K
}
Event: 5.078 GC heap before
{Heap before GC invocations=7 (full 0):
 garbage-first heap   total 48128K, used 39497K [0x000000008a800000, 0x0000000100000000)
  region size 1024K, 23 young (23552K), 3 survivors (3072K)
 Metaspace       used 32161K, committed 32832K, reserved 1114112K
  class space    used 4591K, committed 4864K, reserved 1048576K
}
Event: 5.087 GC heap after
{Heap after GC invocations=8 (full 0):
 garbage-first heap   total 58368K, used 21156K [0x000000008a800000, 0x0000000100000000)
  region size 1024K, 3 young (3072K), 3 survivors (3072K)
 Metaspace       used 32161K, committed 32832K, reserved 1114112K
  class space    used 4591K, committed 4864K, reserved 1048576K
}
Event: 5.500 GC heap before
{Heap before GC invocations=8 (full 0):
 garbage-first heap   total 58368K, used 41636K [0x000000008a800000, 0x0000000100000000)
  region size 1024K, 24 young (24576K), 3 survivors (3072K)
 Metaspace       used 35433K, committed 36096K, reserved 1114112K
  class space    used 4945K, committed 5248K, reserved 1048576K
}
Event: 5.507 GC heap after
{Heap after GC invocations=9 (full 0):
 garbage-first heap   total 58368K, used 23330K [0x000000008a800000, 0x0000000100000000)
  region size 1024K, 4 young (4096K), 4 survivors (4096K)
 Metaspace       used 35433K, committed 36096K, reserved 1114112K
  class space    used 4945K, committed 5248K, reserved 1048576K
}
Event: 6.082 GC heap before
{Heap before GC invocations=10 (full 0):
 garbage-first heap   total 58368K, used 47906K [0x000000008a800000, 0x0000000100000000)
  region size 1024K, 29 young (29696K), 4 survivors (4096K)
 Metaspace       used 41576K, committed 42304K, reserved 1114112K
  class space    used 6044K, committed 6336K, reserved 1048576K
}
Event: 6.089 GC heap after
{Heap after GC invocations=11 (full 0):
 garbage-first heap   total 58368K, used 24739K [0x000000008a800000, 0x0000000100000000)
  region size 1024K, 4 young (4096K), 4 survivors (4096K)
 Metaspace       used 41576K, committed 42304K, reserved 1114112K
  class space    used 6044K, committed 6336K, reserved 1048576K
}
Event: 7.380 GC heap before
{Heap before GC invocations=11 (full 0):
 garbage-first heap   total 58368K, used 48291K [0x000000008a800000, 0x0000000100000000)
  region size 1024K, 28 young (28672K), 4 survivors (4096K)
 Metaspace       used 51010K, committed 51648K, reserved 1114112K
  class space    used 7291K, committed 7552K, reserved 1048576K
}
Event: 7.397 GC heap after
{Heap after GC invocations=12 (full 0):
 garbage-first heap   total 58368K, used 26624K [0x000000008a800000, 0x0000000100000000)
  region size 1024K, 4 young (4096K), 4 survivors (4096K)
 Metaspace       used 51010K, committed 51648K, reserved 1114112K
  class space    used 7291K, committed 7552K, reserved 1048576K
}
Event: 8.134 GC heap before
{Heap before GC invocations=12 (full 0):
 garbage-first heap   total 58368K, used 50176K [0x000000008a800000, 0x0000000100000000)
  region size 1024K, 27 young (27648K), 4 survivors (4096K)
 Metaspace       used 55582K, committed 56384K, reserved 1114112K
  class space    used 7878K, committed 8256K, reserved 1048576K
}
Event: 8.149 GC heap after
{Heap after GC invocations=13 (full 0):
 garbage-first heap   total 70656K, used 28400K [0x000000008a800000, 0x0000000100000000)
  region size 1024K, 2 young (2048K), 2 survivors (2048K)
 Metaspace       used 55582K, committed 56384K, reserved 1114112K
  class space    used 7878K, committed 8256K, reserved 1048576K
}
Event: 8.846 GC heap before
{Heap before GC invocations=13 (full 0):
 garbage-first heap   total 70656K, used 44784K [0x000000008a800000, 0x0000000100000000)
  region size 1024K, 20 young (20480K), 2 survivors (2048K)
 Metaspace       used 59757K, committed 60480K, reserved 1114112K
  class space    used 8361K, committed 8704K, reserved 1048576K
}
Event: 8.853 GC heap after
{Heap after GC invocations=14 (full 0):
 garbage-first heap   total 70656K, used 28435K [0x000000008a800000, 0x0000000100000000)
  region size 1024K, 2 young (2048K), 2 survivors (2048K)
 Metaspace       used 59757K, committed 60480K, reserved 1114112K
  class space    used 8361K, committed 8704K, reserved 1048576K
}

Dll operation events (11 events):
Event: 0.038 Loaded shared library C:\Program Files\Eclipse Adoptium\jdk-21.0.11.10-hotspot\bin\java.dll
Event: 0.444 Loaded shared library C:\Program Files\Eclipse Adoptium\jdk-21.0.11.10-hotspot\bin\zip.dll
Event: 0.453 Loaded shared library C:\Program Files\Eclipse Adoptium\jdk-21.0.11.10-hotspot\bin\instrument.dll
Event: 0.466 Loaded shared library C:\Program Files\Eclipse Adoptium\jdk-21.0.11.10-hotspot\bin\net.dll
Event: 0.471 Loaded shared library C:\Program Files\Eclipse Adoptium\jdk-21.0.11.10-hotspot\bin\nio.dll
Event: 0.478 Loaded shared library C:\Program Files\Eclipse Adoptium\jdk-21.0.11.10-hotspot\bin\zip.dll
Event: 0.481 Loaded shared library C:\Program Files\Eclipse Adoptium\jdk-21.0.11.10-hotspot\bin\jimage.dll
Event: 0.823 Loaded shared library C:\Program Files\Eclipse Adoptium\jdk-21.0.11.10-hotspot\bin\extnet.dll
Event: 0.839 Loaded shared library C:\Program Files\Eclipse Adoptium\jdk-21.0.11.10-hotspot\bin\management.dll
Event: 0.868 Loaded shared library C:\Program Files\Eclipse Adoptium\jdk-21.0.11.10-hotspot\bin\management_ext.dll
Event: 3.504 Loaded shared library C:\Program Files\Eclipse Adoptium\jdk-21.0.11.10-hotspot\bin\sunmscapi.dll

Deoptimization events (2 events):
Event: 6.778 Thread 0x0000029638e60790 DEOPT PACKING pc=0x00000296436c46cc sp=0x000000f2e3af5f20
Event: 6.778 Thread 0x0000029638e60790 DEOPT UNPACKING pc=0x0000029643134bc2 sp=0x000000f2e3af5450 mode 0

Classes loaded (20 events):
Event: 8.873 Loading class java/util/concurrent/CompletableFuture
Event: 8.875 Loading class java/util/concurrent/CompletableFuture done
Event: 8.875 Loading class java/util/concurrent/CompletableFuture$AltResult
Event: 8.875 Loading class java/util/concurrent/CompletableFuture$AltResult done
Event: 8.876 Loading class java/util/concurrent/CompletableFuture$Completion
Event: 8.876 Loading class java/util/concurrent/CompletableFuture$AsynchronousCompletionTask
Event: 8.877 Loading class java/util/concurrent/CompletableFuture$AsynchronousCompletionTask done
Event: 8.877 Loading class java/util/concurrent/CompletableFuture$Completion done
Event: 8.976 Loading class java/util/WeakHashMap$EntrySet
Event: 8.976 Loading class java/util/WeakHashMap$EntrySet done
Event: 8.976 Loading class java/util/WeakHashMap$EntryIterator
Event: 8.976 Loading class java/util/WeakHashMap$HashIterator
Event: 8.977 Loading class java/util/WeakHashMap$HashIterator done
Event: 8.977 Loading class java/util/WeakHashMap$EntryIterator done
Event: 9.081 Loading class sun/reflect/annotation/TypeAnnotation$TypeAnnotationTargetInfo
Event: 9.081 Loading class sun/reflect/annotation/TypeAnnotation$TypeAnnotationTargetInfo done
Event: 9.405 Loading class javax/net/ssl/SSLException
Event: 9.405 Loading class javax/net/ssl/SSLException done
Event: 9.436 Loading class java/nio/channels/CompletionHandler
Event: 9.436 Loading class java/nio/channels/CompletionHandler done

Classes unloaded (4 events):
Event: 3.262 Thread 0x000002964bd0f490 Unloading class 0x000002964d0a4400 'jdk/internal/reflect/GeneratedSerializationConstructorAccessor12'
Event: 3.262 Thread 0x000002964bd0f490 Unloading class 0x000002964d0a4000 'jdk/internal/reflect/GeneratedSerializationConstructorAccessor11'
Event: 3.262 Thread 0x000002964bd0f490 Unloading class 0x000002964d0a3800 'java/lang/invoke/LambdaForm$DMH+0x000002964d0a3800'
Event: 3.262 Thread 0x000002964bd0f490 Unloading class 0x000002964d0a3000 'jdk/internal/reflect/GeneratedSerializationConstructorAccessor9'

Classes redefined (0 events):
No events

Internal exceptions (20 events):
Event: 5.993 Thread 0x0000029638e60790 Exception <a 'java/lang/IncompatibleClassChangeError'{0x000000008ccf9b60}: Found class java.lang.Object, but interface was expected> (0x000000008ccf9b60) 
thrown [s\src\hotspot\share\interpreter\linkResolver.cpp, line 840]
Event: 6.791 Thread 0x0000029638e60790 Exception <a 'sun/nio/fs/WindowsException'{0x000000008cd1eeb0}> (0x000000008cd1eeb0) 
thrown [s\src\hotspot\share\prims\jni.cpp, line 520]
Event: 7.284 Thread 0x0000029638e60790 Exception <a 'java/lang/NoSuchMethodError'{0x000000008ca09ef8}: 'java.lang.Object java.lang.invoke.DirectMethodHandle$Holder.invokeStaticInit(java.lang.Object, java.lang.Object, java.lang.Object, java.lang.Object, java.lang.Object)'> (0x000000008ca09ef8) 
thrown [s\src\hotspot\share\interpreter\linkResolver.cpp, line 773]
Event: 7.284 Thread 0x0000029638e60790 Exception <a 'java/lang/NoSuchMethodError'{0x000000008ca0e3c0}: 'java.lang.Object java.lang.invoke.Invokers$Holder.invoke_MT(java.lang.Object, java.lang.Object, java.lang.Object, java.lang.Object, java.lang.Object, java.lang.Object)'> (0x000000008ca0e3c0) 
thrown [s\src\hotspot\share\interpreter\linkResolver.cpp, line 773]
Event: 7.286 Thread 0x0000029638e60790 Exception <a 'java/lang/NoSuchMethodError'{0x000000008ca160d0}: 'int java.lang.invoke.DirectMethodHandle$Holder.invokeStatic(java.lang.Object, java.lang.Object, java.lang.Object, java.lang.Object, java.lang.Object)'> (0x000000008ca160d0) 
thrown [s\src\hotspot\share\interpreter\linkResolver.cpp, line 773]
Event: 7.287 Thread 0x0000029638e60790 Exception <a 'java/lang/NoSuchMethodError'{0x000000008ca1a248}: 'int java.lang.invoke.DirectMethodHandle$Holder.invokeStaticInit(java.lang.Object, java.lang.Object, java.lang.Object, java.lang.Object, java.lang.Object)'> (0x000000008ca1a248) 
thrown [s\src\hotspot\share\interpreter\linkResolver.cpp, line 773]
Event: 7.287 Thread 0x0000029638e60790 Exception <a 'java/lang/NoSuchMethodError'{0x000000008ca1e558}: 'int java.lang.invoke.DirectMethodHandle$Holder.invokeStaticInit(java.lang.Object, int)'> (0x000000008ca1e558) 
thrown [s\src\hotspot\share\interpreter\linkResolver.cpp, line 773]
Event: 7.287 Thread 0x0000029638e60790 Exception <a 'java/lang/NoSuchMethodError'{0x000000008ca22ae8}: 'int java.lang.invoke.DirectMethodHandle$Holder.invokeStatic(java.lang.Object, java.lang.Object, java.lang.Object, java.lang.Object, java.lang.Object, java.lang.Object)'> (0x000000008ca22ae8) 
thrown [s\src\hotspot\share\interpreter\linkResolver.cpp, line 773]
Event: 7.288 Thread 0x0000029638e60790 Exception <a 'java/lang/NoSuchMethodError'{0x000000008ca26d50}: 'int java.lang.invoke.DirectMethodHandle$Holder.invokeStaticInit(java.lang.Object, java.lang.Object, java.lang.Object, java.lang.Object, java.lang.Object, java.lang.Object)'> (0x000000008ca26d50) 
thrown [s\src\hotspot\share\interpreter\linkResolver.cpp, line 773]
Event: 7.295 Thread 0x0000029638e60790 Exception <a 'java/lang/NoSuchMethodError'{0x000000008ca62dd0}: 'int java.lang.invoke.Invokers$Holder.linkToTargetMethod(java.lang.Object, int, java.lang.Object)'> (0x000000008ca62dd0) 
thrown [s\src\hotspot\share\interpreter\linkResolver.cpp, line 773]
Event: 7.614 Thread 0x0000029638e60790 Exception <a 'java/lang/NoSuchMethodError'{0x000000008f435b28}: 'java.lang.Object java.lang.invoke.DirectMethodHandle$Holder.invokeStaticInit(java.lang.Object, java.lang.Object, java.lang.Object, java.lang.Object)'> (0x000000008f435b28) 
thrown [s\src\hotspot\share\interpreter\linkResolver.cpp, line 773]
Event: 7.640 Thread 0x0000029638e60790 Exception <a 'java/lang/NoSuchMethodError'{0x000000008da30048}: 'int java.lang.invoke.Invokers$Holder.invokeExact_MT(java.lang.Object, java.lang.Object)'> (0x000000008da30048) 
thrown [s\src\hotspot\share\interpreter\linkResolver.cpp, line 773]
Event: 7.686 Thread 0x0000029638e60790 Exception <a 'java/lang/NoSuchMethodError'{0x000000008d981740}: 'java.lang.Object java.lang.invoke.DirectMethodHandle$Holder.invokeSpecial(java.lang.Object, java.lang.Object, int, java.lang.Object, int)'> (0x000000008d981740) 
thrown [s\src\hotspot\share\interpreter\linkResolver.cpp, line 773]
Event: 7.702 Thread 0x0000029638e60790 Exception <a 'java/lang/NoSuchMethodError'{0x000000008d839ee0}: 'java.lang.Object java.lang.invoke.DirectMethodHandle$Holder.newInvokeSpecial(java.lang.Object, java.lang.Object, java.lang.Object, java.lang.Object, java.lang.Object, int, java.lang.Object)'> (0x000000008d839ee0) 
thrown [s\src\hotspot\share\interpreter\linkResolver.cpp, line 773]
Event: 7.702 Thread 0x0000029638e60790 Exception <a 'java/lang/NoSuchMethodError'{0x000000008d83e988}: 'java.lang.Object java.lang.invoke.DirectMethodHandle$Holder.invokeSpecial(java.lang.Object, java.lang.Object, java.lang.Object, java.lang.Object, java.lang.Object, java.lang.Object, int, java.lang.Object)'> (0x000000008d83e988) 
thrown [s\src\hotspot\share\interpreter\linkResolver.cpp, line 773]
Event: 9.118 Thread 0x0000029638e60790 Exception <a 'java/lang/NoSuchMethodError'{0x000000008f4cbd20}: 'java.lang.Object java.lang.invoke.Invokers$Holder.invoke_MT(java.lang.Object, java.lang.Object, java.lang.Object, java.lang.Object, java.lang.Object, java.lang.Object, java.lang.Object, java.lang.Object, java.lang.Object, java.lang.Object, java.lang.Object)'> (0x000000008f4cbd20) 
thrown [s\src\hotspot\share\interpreter\linkResolver.cpp, line 773]
Event: 9.142 Thread 0x0000029638e60790 Exception <a 'java/lang/IncompatibleClassChangeError'{0x000000008e683968}: Found class java.lang.Object, but interface was expected> (0x000000008e683968) 
thrown [s\src\hotspot\share\interpreter\linkResolver.cpp, line 840]
Event: 9.176 Thread 0x0000029638e60790 Exception <a 'java/lang/NoSuchMethodError'{0x000000008e53cdd8}: 'java.lang.Object java.lang.invoke.DirectMethodHandle$Holder.invokeStaticInit(java.lang.Object, java.lang.Object, int, java.lang.Object)'> (0x000000008e53cdd8) 
thrown [s\src\hotspot\share\interpreter\linkResolver.cpp, line 773]
Event: 9.243 Thread 0x0000029638e60790 Exception <a 'java/lang/NoSuchMethodError'{0x000000008e310d88}: 'void java.lang.invoke.DirectMethodHandle$Holder.invokeStaticInit(java.lang.Object, java.lang.Object, java.lang.Object, java.lang.Object, java.lang.Object)'> (0x000000008e310d88) 
thrown [s\src\hotspot\share\interpreter\linkResolver.cpp, line 773]
Event: 9.388 Thread 0x0000029638e60790 Exception <a 'java/lang/OutOfMemoryError'{0x000000008e1d6ba8}> (0x000000008e1d6ba8) 
thrown [s\src\hotspot\share\prims\jni.cpp, line 539]

ZGC Phase Switch (0 events):
No events

VM Operations (20 events):
Event: 6.795 Executing non-safepoint VM operation: HandshakeAllThreads (Deoptimize)
Event: 6.795 Executing non-safepoint VM operation: HandshakeAllThreads (Deoptimize) done
Event: 6.806 Executing non-safepoint VM operation: HandshakeAllThreads (Deoptimize)
Event: 6.807 Executing non-safepoint VM operation: HandshakeAllThreads (Deoptimize) done
Event: 7.219 Executing non-safepoint VM operation: HandshakeAllThreads (Deoptimize)
Event: 7.219 Executing non-safepoint VM operation: HandshakeAllThreads (Deoptimize) done
Event: 7.219 Executing safepoint VM operation: Cleanup
Event: 7.219 Executing safepoint VM operation: Cleanup done
Event: 7.380 Executing safepoint VM operation: G1CollectForAllocation (G1 Evacuation Pause)
Event: 7.398 Executing safepoint VM operation: G1CollectForAllocation (G1 Evacuation Pause) done
Event: 8.113 Executing non-safepoint VM operation: HandshakeAllThreads (Deoptimize)
Event: 8.113 Executing non-safepoint VM operation: HandshakeAllThreads (Deoptimize) done
Event: 8.134 Executing safepoint VM operation: G1CollectForAllocation (G1 Evacuation Pause)
Event: 8.149 Executing safepoint VM operation: G1CollectForAllocation (G1 Evacuation Pause) done
Event: 8.846 Executing safepoint VM operation: CollectForMetadataAllocation (Metadata GC Threshold)
Event: 8.853 Executing safepoint VM operation: CollectForMetadataAllocation (Metadata GC Threshold) done
Event: 8.881 Executing safepoint VM operation: G1PauseRemark
Event: 8.889 Executing safepoint VM operation: G1PauseRemark done
Event: 8.902 Executing safepoint VM operation: G1PauseCleanup
Event: 8.902 Executing safepoint VM operation: G1PauseCleanup done

Memory protections (0 events):
No events

Nmethod flushes (20 events):
Event: 8.888 Thread 0x000002964bd0f490 flushing  nmethod 0x0000029643738490
Event: 8.888 Thread 0x000002964bd0f490 flushing  nmethod 0x000002964376e290
Event: 8.888 Thread 0x000002964bd0f490 flushing  nmethod 0x000002964379c190
Event: 8.888 Thread 0x000002964bd0f490 flushing  nmethod 0x00000296437bd990
Event: 8.888 Thread 0x000002964bd0f490 flushing  nmethod 0x00000296437ced10
Event: 8.888 Thread 0x000002964bd0f490 flushing  nmethod 0x00000296437d5810
Event: 8.888 Thread 0x000002964bd0f490 flushing  nmethod 0x0000029643816510
Event: 8.888 Thread 0x000002964bd0f490 flushing  nmethod 0x0000029643816b10
Event: 8.888 Thread 0x000002964bd0f490 flushing  nmethod 0x0000029643839b10
Event: 8.888 Thread 0x000002964bd0f490 flushing  nmethod 0x0000029643863610
Event: 8.888 Thread 0x000002964bd0f490 flushing  nmethod 0x00000296438e1910
Event: 8.888 Thread 0x000002964bd0f490 flushing  nmethod 0x00000296439a4210
Event: 8.888 Thread 0x000002964bd0f490 flushing  nmethod 0x000002964347b310
Event: 8.888 Thread 0x000002964bd0f490 flushing  nmethod 0x000002964360c590
Event: 8.888 Thread 0x000002964bd0f490 flushing  nmethod 0x000002964372ec90
Event: 8.888 Thread 0x000002964bd0f490 flushing  nmethod 0x000002964374c390
Event: 8.888 Thread 0x000002964bd0f490 flushing  nmethod 0x0000029643785690
Event: 8.888 Thread 0x000002964bd0f490 flushing  nmethod 0x00000296437b1e90
Event: 8.888 Thread 0x000002964bd0f490 flushing  nmethod 0x00000296437cd790
Event: 8.888 Thread 0x000002964bd0f490 flushing  nmethod 0x00000296437f2a10

Events (20 events):
Event: 5.093 Thread 0x00000296934a1d30 Thread exited: 0x00000296934a1d30
Event: 5.398 Thread 0x0000029638e60790 Thread added: 0x00000296934a3e00
Event: 5.600 Thread 0x00000296918982d0 Thread added: 0x00000296934a23c0
Event: 5.604 Thread 0x00000296934a23c0 Thread exited: 0x00000296934a23c0
Event: 6.111 Thread 0x00000296918982d0 Thread added: 0x00000296934a30e0
Event: 6.115 Thread 0x00000296934a30e0 Thread exited: 0x00000296934a30e0
Event: 6.622 Thread 0x00000296918982d0 Thread added: 0x00000296934a4b20
Event: 6.628 Thread 0x00000296934a4b20 Thread exited: 0x00000296934a4b20
Event: 7.143 Thread 0x00000296918982d0 Thread added: 0x00000296934a4490
Event: 7.150 Thread 0x00000296934a4490 Thread exited: 0x00000296934a4490
Event: 7.379 Thread 0x0000029638e60790 Thread added: 0x00000296934a4490
Event: 7.513 Thread 0x00000296934a4490 Thread added: 0x00000296934a51b0
Event: 7.654 Thread 0x00000296918982d0 Thread added: 0x00000296934a3770
Event: 7.661 Thread 0x00000296934a3770 Thread exited: 0x00000296934a3770
Event: 8.170 Thread 0x00000296918982d0 Thread added: 0x00000296934a3770
Event: 8.180 Thread 0x00000296934a3770 Thread exited: 0x00000296934a3770
Event: 8.701 Thread 0x00000296918982d0 Thread added: 0x00000296934a2a50
Event: 8.716 Thread 0x00000296934a2a50 Thread exited: 0x00000296934a2a50
Event: 9.218 Thread 0x00000296918982d0 Thread added: 0x00000296934a1d30
Event: 9.225 Thread 0x00000296934a1d30 Thread exited: 0x00000296934a1d30


Dynamic libraries:
0x00007ff72f5c0000 - 0x00007ff72f5ce000 	C:\Program Files\Eclipse Adoptium\jdk-21.0.11.10-hotspot\bin\java.exe
0x00007ffa50c60000 - 0x00007ffa50ec7000 	C:\WINDOWS\SYSTEM32\ntdll.dll
0x00007ffa4ffd0000 - 0x00007ffa5009a000 	C:\WINDOWS\System32\KERNEL32.DLL
0x00007ffa4de70000 - 0x00007ffa4e272000 	C:\WINDOWS\System32\KERNELBASE.dll
0x00007ffa4e280000 - 0x00007ffa4e3cc000 	C:\WINDOWS\System32\ucrtbase.dll
0x00007ffa48c40000 - 0x00007ffa48c58000 	C:\Program Files\Eclipse Adoptium\jdk-21.0.11.10-hotspot\bin\jli.dll
0x00007ffa3f860000 - 0x00007ffa3f87e000 	C:\Program Files\Eclipse Adoptium\jdk-21.0.11.10-hotspot\bin\VCRUNTIME140.dll
0x00007ffa4fbc0000 - 0x00007ffa4fd8f000 	C:\WINDOWS\System32\USER32.dll
0x00007ffa2dbe0000 - 0x00007ffa2de70000 	C:\WINDOWS\WinSxS\amd64_microsoft.windows.common-controls_6595b64144ccf1df_6.0.26100.9278_none_3e0d1ba8e3303201\COMCTL32.dll
0x00007ffa4e6a0000 - 0x00007ffa4e6c7000 	C:\WINDOWS\System32\win32u.dll
0x00007ffa50b60000 - 0x00007ffa50c09000 	C:\WINDOWS\System32\msvcrt.dll
0x00007ffa50200000 - 0x00007ffa5022b000 	C:\WINDOWS\System32\GDI32.dll
0x00007ffa4e3e0000 - 0x00007ffa4e509000 	C:\WINDOWS\System32\gdi32full.dll
0x00007ffa4e850000 - 0x00007ffa4e8f3000 	C:\WINDOWS\System32\msvcp_win.dll
0x00007ffa500a0000 - 0x00007ffa500d1000 	C:\WINDOWS\System32\IMM32.DLL
0x00007ffa3ec70000 - 0x00007ffa3ec7c000 	C:\Program Files\Eclipse Adoptium\jdk-21.0.11.10-hotspot\bin\vcruntime140_1.dll
0x00007ff9e9be0000 - 0x00007ff9e9c6d000 	C:\Program Files\Eclipse Adoptium\jdk-21.0.11.10-hotspot\bin\msvcp140.dll
0x00007ff968270000 - 0x00007ff969012000 	C:\Program Files\Eclipse Adoptium\jdk-21.0.11.10-hotspot\bin\server\jvm.dll
0x00007ffa4eef0000 - 0x00007ffa4efac000 	C:\WINDOWS\System32\ADVAPI32.dll
0x00007ffa4fea0000 - 0x00007ffa4ff49000 	C:\WINDOWS\System32\sechost.dll
0x00007ffa50940000 - 0x00007ffa50a58000 	C:\WINDOWS\System32\RPCRT4.dll
0x00007ffa500e0000 - 0x00007ffa50160000 	C:\WINDOWS\System32\WS2_32.dll
0x00007ffa4dcd0000 - 0x00007ffa4dd2e000 	C:\WINDOWS\SYSTEM32\POWRPROF.dll
0x00007ffa46240000 - 0x00007ffa4624b000 	C:\WINDOWS\SYSTEM32\VERSION.dll
0x00007ffa46200000 - 0x00007ffa46236000 	C:\WINDOWS\SYSTEM32\WINMM.dll
0x00007ffa4dcb0000 - 0x00007ffa4dcc5000 	C:\WINDOWS\SYSTEM32\UMPDC.dll
0x00007ffa4cb40000 - 0x00007ffa4cb5b000 	C:\WINDOWS\SYSTEM32\kernel.appcore.dll
0x00007ffa3ec60000 - 0x00007ffa3ec6a000 	C:\Program Files\Eclipse Adoptium\jdk-21.0.11.10-hotspot\bin\jimage.dll
0x00007ffa3fba0000 - 0x00007ffa3fde2000 	C:\WINDOWS\SYSTEM32\DBGHELP.DLL
0x00007ffa4ead0000 - 0x00007ffa4ee54000 	C:\WINDOWS\System32\combase.dll
0x00007ffa50230000 - 0x00007ffa50309000 	C:\WINDOWS\System32\OLEAUT32.dll
0x00007ffa2c3d0000 - 0x00007ffa2c40b000 	C:\WINDOWS\SYSTEM32\dbgcore.DLL
0x00007ffa4e6d0000 - 0x00007ffa4e77c000 	C:\WINDOWS\System32\bcryptPrimitives.dll
0x00007ffa3ec50000 - 0x00007ffa3ec5f000 	C:\Program Files\Eclipse Adoptium\jdk-21.0.11.10-hotspot\bin\instrument.dll
0x00007ffa3c4b0000 - 0x00007ffa3c4d0000 	C:\Program Files\Eclipse Adoptium\jdk-21.0.11.10-hotspot\bin\java.dll
0x00007ffa4efe0000 - 0x00007ffa4f778000 	C:\WINDOWS\System32\SHELL32.dll
0x00007ffa4b8a0000 - 0x00007ffa4c14e000 	C:\WINDOWS\SYSTEM32\windows.storage.dll
0x00007ffa4fda0000 - 0x00007ffa4fe9b000 	C:\WINDOWS\System32\SHCORE.dll
0x00007ffa50a60000 - 0x00007ffa50ac6000 	C:\WINDOWS\System32\shlwapi.dll
0x00007ffa4dd90000 - 0x00007ffa4ddb9000 	C:\WINDOWS\SYSTEM32\profapi.dll
0x00007ffa09b20000 - 0x00007ffa09b38000 	C:\Program Files\Eclipse Adoptium\jdk-21.0.11.10-hotspot\bin\zip.dll
0x00007ffa3ec40000 - 0x00007ffa3ec50000 	C:\Program Files\Eclipse Adoptium\jdk-21.0.11.10-hotspot\bin\net.dll
0x00007ffa469f0000 - 0x00007ffa46b1a000 	C:\WINDOWS\SYSTEM32\WINHTTP.dll
0x00007ffa4d100000 - 0x00007ffa4d16c000 	C:\WINDOWS\system32\mswsock.dll
0x00007ffa118d0000 - 0x00007ffa118e6000 	C:\Program Files\Eclipse Adoptium\jdk-21.0.11.10-hotspot\bin\nio.dll
0x00007ffa4c5c0000 - 0x00007ffa4c718000 	C:\WINDOWS\SYSTEM32\DNSAPI.dll
0x00007ffa4cf00000 - 0x00007ffa4cf0d000 	C:\WINDOWS\SYSTEM32\DSPARSE.dll
0x00007ffa4c520000 - 0x00007ffa4c553000 	C:\WINDOWS\SYSTEM32\IPHLPAPI.DLL
0x00007ffa50c10000 - 0x00007ffa50c1a000 	C:\WINDOWS\System32\NSI.dll
0x00007ffa43a10000 - 0x00007ffa43a1b000 	C:\Windows\System32\rasadhlp.dll
0x00007ffa47440000 - 0x00007ffa474c6000 	C:\WINDOWS\System32\fwpuclnt.dll
0x00007ffa1b590000 - 0x00007ffa1b599000 	C:\Program Files\Eclipse Adoptium\jdk-21.0.11.10-hotspot\bin\extnet.dll
0x00007ffa3c4a0000 - 0x00007ffa3c4aa000 	C:\Program Files\Eclipse Adoptium\jdk-21.0.11.10-hotspot\bin\management.dll
0x00007ffa3c240000 - 0x00007ffa3c24c000 	C:\Program Files\Eclipse Adoptium\jdk-21.0.11.10-hotspot\bin\management_ext.dll
0x00007ffa4eeb0000 - 0x00007ffa4eeb8000 	C:\WINDOWS\System32\PSAPI.DLL
0x00007ffa4d3f0000 - 0x00007ffa4d40b000 	C:\WINDOWS\SYSTEM32\CRYPTSP.dll
0x00007ffa4caa0000 - 0x00007ffa4cad9000 	C:\WINDOWS\system32\rsaenh.dll
0x00007ffa4d1b0000 - 0x00007ffa4d1e4000 	C:\WINDOWS\SYSTEM32\USERENV.dll
0x00007ffa4dd60000 - 0x00007ffa4dd8a000 	C:\WINDOWS\SYSTEM32\bcrypt.dll
0x00007ffa4d410000 - 0x00007ffa4d41c000 	C:\WINDOWS\SYSTEM32\CRYPTBASE.dll
0x00007ffa27fb0000 - 0x00007ffa27fc8000 	C:\WINDOWS\system32\napinsp.dll
0x00007ffa28230000 - 0x00007ffa28243000 	C:\WINDOWS\System32\winrnr.dll
0x00007ffa27be0000 - 0x00007ffa27c07000 	C:\WINDOWS\system32\nlansp_c.dll
0x00007ffa425d0000 - 0x00007ffa425e6000 	C:\WINDOWS\system32\wshbth.dll
0x00007ffa387e0000 - 0x00007ffa38838000 	C:\WINDOWS\SYSTEM32\pdh.dll
0x00007ffa487b0000 - 0x00007ffa487c2000 	C:\WINDOWS\System32\perfproc.dll
0x00007ffa27a30000 - 0x00007ffa27a41000 	C:\WINDOWS\System32\perfos.dll
0x00007ffa4c180000 - 0x00007ffa4c192000 	C:\WINDOWS\SYSTEM32\pfclient.dll
0x00007ffa23ab0000 - 0x00007ffa23abe000 	C:\Program Files\Eclipse Adoptium\jdk-21.0.11.10-hotspot\bin\sunmscapi.dll
0x00007ffa4e510000 - 0x00007ffa4e68e000 	C:\WINDOWS\System32\CRYPT32.dll
0x00007ffa4d630000 - 0x00007ffa4d660000 	C:\WINDOWS\SYSTEM32\ncrypt.dll
0x00007ffa4d5e0000 - 0x00007ffa4d61f000 	C:\WINDOWS\SYSTEM32\NTASN1.dll

JVMTI agents:
C:\Program Files\JetBrains\IntelliJ IDEA 2026.2.1\lib\idea_rt.jar path:C:\Program Files\Eclipse Adoptium\jdk-21.0.11.10-hotspot\bin\instrument.dll, loaded, initialized, instrumentlib options:61056

dbghelp: loaded successfully - version: 4.0.5 - missing functions: none
symbol engine: initialized successfully - sym options: 0x614 - pdb path: .;C:\Program Files\Eclipse Adoptium\jdk-21.0.11.10-hotspot\bin;C:\WINDOWS\SYSTEM32;C:\WINDOWS\WinSxS\amd64_microsoft.windows.common-controls_6595b64144ccf1df_6.0.26100.9278_none_3e0d1ba8e3303201;C:\Program Files\Eclipse Adoptium\jdk-21.0.11.10-hotspot\bin\server

VM Arguments:
jvm_args: -XX:TieredStopAtLevel=1 -Dspring.output.ansi.enabled=always -Dcom.sun.management.jmxremote -Dspring.jmx.enabled=true -Dspring.liveBeansView.mbeanDomain -Dspring.application.admin.enabled=true -Dmanagement.endpoints.jmx.exposure.include=* -javaagent:C:\Program Files\JetBrains\IntelliJ IDEA 2026.2.1\lib\idea_rt.jar=61056 -Dfile.encoding=UTF-8 -Dsun.stdout.encoding=UTF-8 -Dsun.stderr.encoding=UTF-8 
java_command: org.example.raizrealtors.RaizRealtorsApplication
java_class_path (initial): C:\Users\jeffry\OneDrive\Desktop\Real-Estate\Real-Estate-BackEnd\RaizRealtors\target\classes;C:\Users\jeffry\.m2\repository\org\springframework\boot\spring-boot-starter-data-jpa\4.1.1\spring-boot-starter-data-jpa-4.1.1.jar;C:\Users\jeffry\.m2\repository\org\springframework\boot\spring-boot-starter\4.1.1\spring-boot-starter-4.1.1.jar;C:\Users\jeffry\.m2\repository\org\springframework\boot\spring-boot-starter-logging\4.1.1\spring-boot-starter-logging-4.1.1.jar;C:\Users\jeffry\.m2\repository\ch\qos\logback\logback-classic\1.5.38\logback-classic-1.5.38.jar;C:\Users\jeffry\.m2\repository\ch\qos\logback\logback-core\1.5.38\logback-core-1.5.38.jar;C:\Users\jeffry\.m2\repository\org\apache\logging\log4j\log4j-to-slf4j\2.25.5\log4j-to-slf4j-2.25.5.jar;C:\Users\jeffry\.m2\repository\org\apache\logging\log4j\log4j-api\2.25.5\log4j-api-2.25.5.jar;C:\Users\jeffry\.m2\repository\org\slf4j\jul-to-slf4j\2.0.18\jul-to-slf4j-2.0.18.jar;C:\Users\jeffry\.m2\repository\org\springframework\boot\spring-boot-autoconfigure\4.1.1\spring-boot-autoconfigure-4.1.1.jar;C:\Users\jeffry\.m2\repository\jakarta\annotation\jakarta.annotation-api\3.0.0\jakarta.annotation-api-3.0.0.jar;C:\Users\jeffry\.m2\repository\org\yaml\snakeyaml\2.6\snakeyaml-2.6.jar;C:\Users\jeffry\.m2\repository\org\springframework\boot\spring-boot-starter-jdbc\4.1.1\spring-boot-starter-jdbc-4.1.1.jar;C:\Users\jeffry\.m2\repository\com\zaxxer\HikariCP\7.0.2\HikariCP-7.0.2.jar;C:\Users\jeffry\.m2\repository\org\slf4j\slf4j-api\2.0.18\slf4j-api-2.0.18.jar;C:\Users\jeffry\.m2\repository\org\springframework\boot\spring-boot-data-jpa\4.1.1\spring-boot-data-jpa-4.1.1.jar;C:\Users\jeffry\.m2\repository\org\springframework\boot\spring-boot-data-commons\4.1.1\spring-boot-data-commons-4.1.1.jar;C:\Users\jeffry\.m2\repository\org\springframework\boot\spring-boot-persistence\4.1.1\spring-boot-persistence-4.1.1.jar;C:\Users\jeffry\.m2\repository\org\springframework\data\spring-data-commons\4.1.1\spring-data-commons-4.1.1.jar;C:\Users\jeffry\.m2\repository\org\springframework\boot\spring-boot-hibernate\4.1.1\spring-boot-hibernate-4.1.1.jar;C:\Users\jeffry\.m2\repository\org\springframework\boot\spring-boot-jpa\4.1.1\spring-boot-jpa-4.1.1.jar;C:\Users\jeffry\.m2\repository\jakarta\persistence\jakarta.persistence-api\3.2.0\jakarta.persistence-api-3.2.0.jar;C:\Users\jeffry\.m2\repository\org\hibernate\orm\hibernate-core\7.4.5.Final\hibernate-core-7.4.5.Final.jar;C:\Users\jeffry\.m2\repository\jakarta\transaction\jakarta.transaction-api\2.0.1\jakarta.transaction-api-2.0.1.jar;C:\Users\jeffry\.m2\repository\org\hibernate\models\hibernate-models\1.1.1\hibernate-models-1.1.1.jar;C:\Users\jeffry\.m2\repository\org\glassfish\jaxb\jaxb-runtime\4.0.9\jaxb-runtime-4.0.9.jar;C:\Users\jeffry\.m2\repository\org\glassfish\jaxb\jaxb-core\4.0.9\jaxb-core-4.0.9.jar;C:\Users\jeffry\.m2\repository\org\eclipse\angus\angus-activation\2.0.3\angus-activation-2.0.3.jar;C:\Users\jeffry\.m2\repository\org\glassfish\jaxb\txw2\4.0.9\txw2-4.0.9.jar;C:\Users\jeffry\.m2\repository\com\sun\istack\istack-commons-runtime\4.1.2\istack-commons-runtime-4.1.2.jar;C:\Users\jeffry\.m2\repository\jakarta\inject\jakarta.inject-api\2.0.1\jakarta.inject-api-2.0.1.jar;C:\Users\jeffry\.m2\repository\org\springframework\spring-orm\7.0.9\spring-orm-7.0.9.jar;C:\Users\jeffry\.m2\repository\org\springframework\data\spring-data-jpa\4.1.1\spring-data-jpa-4.1.1.jar;C:\Users\jeffry\.m2\repository\org\springframework\spring-context\7.0.9\spring-context-7.0.9.jar;C:\Users\jeffry\.m2\repository\org\springframework\spring-tx\7.0.9\spring-tx-7.0.9.jar;C:\Users\jeffry\.m2\repository\org\antlr\antlr4-runtime\4.13.2\antlr4-runtime-4.13.2.jar;C:\Users\jeffry\.m2\repository\org\springframework\spring-aspects\7.0.9\spring-aspects-7.0.9.jar;C:\Users\jeffry\.m2\repository\org\aspectj\aspectjweaver\1.9.25.1\aspectjweaver-1.9.25.1.jar;C:\Users\jeffry\.m2\repository\org\springframework\boot\spring-boot-jdbc\4.1.1\spring-boot-jdbc-4.1.1.jar;C:\Users\jeffry\.m2\repository\org\springframework\boot\spring-boot\4.1.1\spring-boot-4.1.1.jar;C:\Users\jeffry\.m2\repository\org\springframework\boot\spring-boot-sql\4.1.1\spring-boot-sql-4.1.1.jar;C:\Users\jeffry\.m2\repository\org\springframework\boot\spring-boot-transaction\4.1.1\spring-boot-transaction-4.1.1.jar;C:\Users\jeffry\.m2\repository\org\springframework\spring-jdbc\7.0.9\spring-jdbc-7.0.9.jar;C:\Users\jeffry\.m2\repository\org\springframework\boot\spring-boot-starter-security\4.1.1\spring-boot-starter-security-4.1.1.jar;C:\Users\jeffry\.m2\repository\org\springframework\boot\spring-boot-security\4.1.1\spring-boot-security-4.1.1.jar;C:\Users\jeffry\.m2\repository\org\springframework\security\spring-security-config\7.1.1\spring-security-config-7.1.1.jar;C:\Users\jeffry\.m2\repository\org\springframework\security\spring-security-core\7.1.1\spring-security-core-7.1.1.jar;C:\Users\jeffry\.m2\repository\org\springframework\security\spring-security-crypto\7.1.1\spring-security-crypto-7.1.1.jar;C:\Users\jeffry\.m2\repository\org\springframework\security\spring-security-web\7.1.1\spring-security-web-7.1.1.jar;C:\Users\jeffry\.m2\repository\org\springframework\spring-expression\7.0.9\spring-expression-7.0.9.jar;C:\Users\jeffry\.m2\repository\org\springframework\spring-aop\7.0.9\spring-aop-7.0.9.jar;C:\Users\jeffry\.m2\repository\org\springframework\spring-beans\7.0.9\spring-beans-7.0.9.jar;C:\Users\jeffry\.m2\repository\org\springframework\spring-core\7.0.9\spring-core-7.0.9.jar;C:\Users\jeffry\.m2\repository\commons-logging\commons-logging\1.3.6\commons-logging-1.3.6.jar;C:\Users\jeffry\.m2\repository\org\jspecify\jspecify\1.0.1\jspecify-1.0.1.jar;C:\Users\jeffry\.m2\repository\org\springframework\boot\spring-boot-starter-validation\4.1.1\spring-boot-starter-validation-4.1.1.jar;C:\Users\jeffry\.m2\repository\org\springframework\boot\spring-boot-validation\4.1.1\spring-boot-validation-4.1.1.jar;C:\Users\jeffry\.m2\repository\org\apache\tomcat\embed\tomcat-embed-el\11.0.24\tomcat-embed-el-11.0.24.jar;C:\Users\jeffry\.m2\repository\org\hibernate\validator\hibernate-validator\9.1.3.Final\hibernate-validator-9.1.3.Final.jar;C:\Users\jeffry\.m2\repository\jakarta\validation\jakarta.validation-api\3.1.1\jakarta.validation-api-3.1.1.jar;C:\Users\jeffry\.m2\repository\org\jboss\logging\jboss-logging\3.6.3.Final\jboss-logging-3.6.3.Final.jar;C:\Users\jeffry\.m2\repository\com\fasterxml\classmate\1.7.3\classmate-1.7.3.jar;C:\Users\jeffry\.m2\repository\org\springframework\boot\spring-boot-starter-webmvc\4.1.1\spring-boot-starter-webmvc-4.1.1.jar;C:\Users\jeffry\.m2\repository\org\springframework\boot\spring-boot-starter-jackson\4.1.1\spring-boot-starter-jackson-4.1.1.jar;C:\Users\jeffry\.m2\repository\org\springframework\boot\spring-boot-jackson\4.1.1\spring-boot-jackson-4.1.1.jar;C:\Users\jeffry\.m2\repository\tools\jackson\core\jackson-databind\3.1.5\jackson-databind-3.1.5.jar;C:\Users\jeffry\.m2\repository\tools\jackson\core\jackson-core\3.1.5\jackson-core-3.1.5.jar;C:\Users\jeffry\.m2\repository\org\springframework\boot\spring-boot-starter-tomcat\4.1.1\spring-boot-starter-tomcat-4.1.1.jar;C:\Users\jeffry\.m2\repository\org\springframework\boot\spring-boot-starter-tomcat-runtime\4.1.1\spring-boot-starter-tomcat-runtime-4.1.1.jar;C:\Users\jeffry\.m2\repository\org\apache\tomcat\embed\tomcat-embed-core\11.0.24\tomcat-embed-core-11.0.24.jar;C:\Users\jeffry\.m2\repository\org\apache\tomcat\embed\tomcat-embed-websocket\11.0.24\tomcat-embed-websocket-11.0.24.jar;C:\Users\jeffry\.m2\repository\org\springframework\boot\spring-boot-tomcat\4.1.1\spring-boot-tomcat-4.1.1.jar;C:\Users\jeffry\.m2\repository\org\springframework\boot\spring-boot-http-converter\4.1.1\spring-boot-http-converter-4.1.1.jar;C:\Users\jeffry\.m2\repository\org\springframework\spring-web\7.0.9\spring-web-7.0.9.jar;C:\Users\jeffry\.m2\repository\io\micrometer\micrometer-observation\1.17.1\micrometer-observation-1.17.1.jar;C:\Users\jeffry\.m2\repository\io\micrometer\micrometer-commons\1.17.1\micrometer-commons-1.17.1.jar;C:\Users\jeffry\.m2\repository\org\springframework\boot\spring-boot-webmvc\4.1.1\spring-boot-webmvc-4.1.1.jar;C:\Users\jeffry\.m2\repository\org\springframework\boot\spring-boot-servlet\4.1.1\spring-boot-servlet-4.1.1.jar;C:\Users\jeffry\.m2\repository\org\springframework\spring-webmvc\7.0.9\spring-webmvc-7.0.9.jar;C:\Users\jeffry\.m2\repository\com\mysql\mysql-connector-j\9.7.0\mysql-connector-j-9.7.0.jar;C:\Users\jeffry\.m2\repository\org\projectlombok\lombok\1.18.46\lombok-1.18.46.jar;C:\Users\jeffry\.m2\repository\jakarta\xml\bind\jakarta.xml.bind-api\4.0.5\jakarta.xml.bind-api-4.0.5.jar;C:\Users\jeffry\.m2\repository\jakarta\activation\jakarta.activation-api\2.1.4\jakarta.activation-api-2.1.4.jar;C:\Users\jeffry\.m2\repository\net\bytebuddy\byte-buddy\1.18.11\byte-buddy-1.18.11.jar;C:\Users\jeffry\.m2\repository\org\springframework\boot\spring-boot-web-server\4.1.1\spring-boot-web-server-4.1.1.jar;C:\Users\jeffry\.m2\repository\io\jsonwebtoken\jjwt-api\0.12.6\jjwt-api-0.12.6.jar;C:\Users\jeffry\.m2\repository\io\jsonwebtoken\jjwt-impl\0.12.6\jjwt-impl-0.12.6.jar;C:\Users\jeffry\.m2\repository\io\jsonwebtoken\jjwt-jackson\0.12.6\jjwt-jackson-0.12.6.jar;C:\Users\jeffry\.m2\repository\com\fasterxml\jackson\core\jackson-databind\2.21.5\jackson-databind-2.21.5.jar;C:\Users\jeffry\.m2\repository\com\fasterxml\jackson\core\jackson-annotations\2.21\jackson-annotations-2.21.jar;C:\Users\jeffry\.m2\repository\com\fasterxml\jackson\core\jackson-core\2.21.5\jackson-core-2.21.5.jar
Launcher Type: SUN_STANDARD

[Global flags]
     intx CICompilerCount                          = 4                                         {product} {ergonomic}
     uint ConcGCThreads                            = 3                                         {product} {ergonomic}
     uint G1ConcRefinementThreads                  = 10                                        {product} {ergonomic}
   size_t G1HeapRegionSize                         = 1048576                                   {product} {ergonomic}
    uintx GCDrainStackTargetSize                   = 64                                        {product} {ergonomic}
   size_t InitialHeapSize                          = 123731968                                 {product} {ergonomic}
     bool ManagementServer                         = true                                      {product} {command line}
   size_t MarkStackSize                            = 4194304                                   {product} {ergonomic}
   size_t MaxHeapSize                              = 1971322880                                {product} {ergonomic}
   size_t MaxNewSize                               = 1182793728                                {product} {ergonomic}
   size_t MinHeapDeltaBytes                        = 1048576                                   {product} {ergonomic}
   size_t MinHeapSize                              = 8388608                                   {product} {ergonomic}
    uintx NonNMethodCodeHeapSize                   = 4096                                   {pd product} {ergonomic}
    uintx NonProfiledCodeHeapSize                  = 0                                      {pd product} {ergonomic}
     bool ProfileInterpreter                       = false                                  {pd product} {command line}
    uintx ProfiledCodeHeapSize                     = 0                                      {pd product} {ergonomic}
   size_t SoftMaxHeapSize                          = 1971322880                             {manageable} {ergonomic}
     intx TieredStopAtLevel                        = 1                                         {product} {command line}
     bool UseCompressedOops                        = true                           {product lp64_product} {ergonomic}
     bool UseG1GC                                  = true                                      {product} {ergonomic}
     bool UseLargePagesIndividualAllocation        = false                                  {pd product} {ergonomic}

Logging:
Log output configuration:
 #0: stdout all=warning uptime,level,tags foldmultilines=false
 #1: stderr all=off uptime,level,tags foldmultilines=false

Release file:
IMPLEMENTOR="Eclipse Adoptium" 
IMPLEMENTOR_VERSION="Temurin-21.0.11+10" 
JAVA_RUNTIME_VERSION="21.0.11+10-LTS" 
JAVA_VERSION="21.0.11" 
JAVA_VERSION_DATE="2026-04-21" 
LIBC="default" 
MODULES="java.base java.compiler java.datatransfer java.xml java.prefs java.desktop java.instrument java.logging java.management java.security.sasl java.naming java.rmi java.management.rmi java.net.http java.scripting java.security.jgss java.transaction.xa java.sql java.sql.rowset java.xml.crypto java.se java.smartcardio jdk.accessibility jdk.internal.jvmstat jdk.attach jdk.charsets jdk.internal.opt jdk.zipfs jdk.compiler jdk.crypto.ec jdk.crypto.cryptoki jdk.crypto.mscapi jdk.dynalink jdk.internal.ed jdk.editpad jdk.hotspot.agent jdk.httpserver jdk.incubator.vector jdk.internal.le jdk.internal.vm.ci jdk.internal.vm.compiler jdk.internal.vm.compiler.management jdk.jartool jdk.javadoc jdk.jcmd jdk.management jdk.management.agent jdk.jconsole jdk.jdeps jdk.jdwp.agent jdk.jdi jdk.jfr jdk.jlink jdk.jpackage jdk.jshell jdk.jsobject jdk.jstatd jdk.localedata jdk.management.jfr jdk.naming.dns jdk.naming.rmi jdk.net jdk.nio.mapmode jdk.random jdk.sctp jdk.security.auth jdk.security.jgss jdk.unsupported jdk.unsupported.desktop jdk.xml.dom" 
OS_ARCH="x86_64" 
OS_NAME="Windows" 
SOURCE=".:git:254494ad7d75" 
BUILD_SOURCE="git:a612825ee82a20ac872d60958c349854c1f29a8e"
BUILD_SOURCE_REPO="https://github.com/adoptium/temurin-build.git"
SOURCE_REPO="https://github.com/adoptium/jdk21u.git"
FULL_VERSION="21.0.11+10-LTS"
SEMANTIC_VERSION="21.0.11+10"
BUILD_INFO="OS: Windows Server 2022 Version: 10.0"
JVM_VARIANT="Hotspot"
JVM_VERSION="21.0.11+10-LTS"
IMAGE_TYPE="JDK"

Environment Variables:
JAVA_HOME=C:\Program Files\Eclipse Adoptium\jdk-21.0.11.10-hotspot
PATH=C:\Program Files\Eclipse Adoptium\jdk-21.0.11.10-hotspot\bin;C:\Program Files\Common Files\Oracle\Java\javapath;C:\WINDOWS\system32;C:\WINDOWS;C:\WINDOWS\System32\Wbem;C:\WINDOWS\System32\WindowsPowerShell\v1.0\;C:\WINDOWS\System32\OpenSSH\;C:\Program Files\dotnet\;C:\Program Files\Git\cmd;C:\Users\jeffry\Downloads\apache-maven-3.9.12-bin\apache-maven-3.9.12\bin;C:\Program Files (x86)\Windows Kits\10\Windows Performance Toolkit\;C:\Users\jeffry\AppData\Local\nvm;C:\nvm4w\nodejs;C:\Program Files\WireGuard\;C:\Program Files\Eclipse Adoptium\jdk-21.0.11.10-hotspot\bin;C:\Program Files\nodejs\;C:\Program Files\MySQL\MySQL Shell 8.0\bin\;C:\Users\jeffry\AppData\Local\Programs\Python\Python310\Scripts\;C:\Users\jeffry\AppData\Local\Programs\Python\Python310\;C:\Users\jeffry\AppData\Local\Programs\Python\Python39\Scripts\;C:\Users\jeffry\AppData\Local\Programs\Python\Python39\;C:\Users\jeffry\AppData\Local\Microsoft\WindowsApps;C:\Users\jeffry\AppData\Local\Programs\Microsoft VS Code\bin;C:\Users\Jeffry\AppData\Local\Programs\Microsoft VS Code\bin;C:\Users\jeffry\AppData\Local\Android\Sdk\cmdline-tools\latest\bin;C:\Program Files\Eclipse Adoptium\jdk-21.0.11.10-hotspot\bin;C:\flutter\bin;C:\Users\jeffry\AppData\Local\Programs\Antigravity\bin;C:\Users\jeffry\AppData\Local\Programs\Ollama;C:\Users\jeffry\AppData\Local\Programs\Windsurf\bin;C:\Users\jeffry\AppData\Local\nvm;C:\nvm4w\nodejs;C:\Users\jeffry\AppData\Roaming\npm
USERNAME=jeffry
OS=Windows_NT
PROCESSOR_IDENTIFIER=AMD64 Family 25 Model 80 Stepping 0, AuthenticAMD
TMP=C:\Users\jeffry\AppData\Local\Temp
TEMP=C:\Users\jeffry\AppData\Local\Temp




Periodic native trim disabled

---------------  S Y S T E M  ---------------

OS:
 Windows 11 , 64 bit Build 26100 (10.0.26100.9278)
OS uptime: 1 days 4:19 hours
Hyper-V role detected

CPU: total 12 (initial active 12) (12 cores per cpu, 2 threads per core) family 25 model 80 stepping 0 microcode 0xa50000f, cx8, cmov, fxsr, ht, mmx, 3dnowpref, sse, sse2, sse3, ssse3, sse4a, sse4.1, sse4.2, popcnt, lzcnt, tsc, tscinvbit, avx, avx2, aes, erms, clmul, bmi1, bmi2, adx, sha, fma, vzeroupper, clflush, clflushopt, hv, rdtscp, rdpid, fsrm, f16c, cet_ss
Processor Information for processor 0
  Max Mhz: 3301, Current Mhz: 1908, Mhz Limit: 3301
Processor Information for processor 1
  Max Mhz: 3301, Current Mhz: 1908, Mhz Limit: 3301
Processor Information for processor 2
  Max Mhz: 3301, Current Mhz: 1908, Mhz Limit: 3301
Processor Information for processor 3
  Max Mhz: 3301, Current Mhz: 1908, Mhz Limit: 3301
Processor Information for processor 4
  Max Mhz: 3301, Current Mhz: 1908, Mhz Limit: 3301
Processor Information for processor 5
  Max Mhz: 3301, Current Mhz: 1805, Mhz Limit: 3301
Processor Information for processor 6
  Max Mhz: 3301, Current Mhz: 1805, Mhz Limit: 3301
Processor Information for processor 7
  Max Mhz: 3301, Current Mhz: 1908, Mhz Limit: 3301
Processor Information for processor 8
  Max Mhz: 3301, Current Mhz: 1908, Mhz Limit: 3301
Processor Information for processor 9
  Max Mhz: 3301, Current Mhz: 1908, Mhz Limit: 3301
Processor Information for processor 10
  Max Mhz: 3301, Current Mhz: 1908, Mhz Limit: 3301
Processor Information for processor 11
  Max Mhz: 3301, Current Mhz: 1908, Mhz Limit: 3301

Memory: 4k page, system-wide physical 7518M (388M free)
TotalPageFile size 23902M (AvailPageFile size 579M)
current process WorkingSet (physical memory assigned to process): 224M, peak: 224M
current process commit charge ("private bytes"): 265M, peak: 265M

vm_info: OpenJDK 64-Bit Server VM (21.0.11+10-LTS) for windows-amd64 JRE (21.0.11+10-LTS), built on 2026-04-21T00:00:00Z by "admin" with MS VC++ 17.12 (VS2022)

END.
